9.600305445279119,-0.4100240065098216,1.7545534167973311,9.692213366033108,-0.27467811158798283,1.6088289393010422,-0.43478260869565216,1.2202020202020203,-0.43113772455089827,-1.1497307122882927,-0.09254690701164286,-1.296487483751642
9.539475266774483,-0.43245810242101973,1.7175761957399196,9.574494175352545,-0.27467811158798283,1.5695892090741874,-0.43043478260869567,1.208080808080808,-0.42914171656686634,-1.433639240971298,0.6924391827581284,-1.308857523940097
9.612865400975675,-0.4095549198659558,1.7185391289074823,9.692213366033108,-0.3139178418148375,1.5303494788473329,-0.43478260869565216,1.2,-0.45708582834331346,-0.7743828472786386,2.0515917349478774,-1.2089862095500272
9.722836407244507,-0.4232458263962346,1.6833573515916147,9.770692826486817,-0.3139178418148375,1.5695892090741874,-0.4391304347826087,1.208080808080808,-0.41516966067864275,0.7827568395976205,3.3930539996117326,-1.8633408763807673
9.613358880359993,-0.4205529912093614,1.6581931191324697,9.770692826486817,-0.23543838136112813,1.5303494788473329,-0.44130434782608696,1.204040404040404,-0.4650698602794412,0.9943433164623134,3.7037289865829477,-2.5042400111113916
9.698938321024615,-0.38594421566765824,1.6714431940656174,9.809932556713672,-0.23543838136112813,1.5303494788473329,-0.43478260869565216,1.206060606060606,-0.4590818363273454,0.19060363878363884,2.848560107900611,-2.2072292303041867
9.699802449642055,-0.40817879335383717,1.562795754635171,9.849172286940528,-0.27467811158798283,1.491109748620478,-0.4391304347826087,1.187878787878788,-0.43712574850299407,0.8915990746895504,2.3031931068163694,-2.1686118082373897
9.622783539173696,-0.7489821207527295,1.6068103033408356,9.731453096259962,-0.27467811158798283,1.491109748620478,-0.4260869565217391,1.202020202020202,-0.42914171656686634,0.9356949334505645,1.6521879270549713,-1.712779002566445
9.627000560842113,-0.2864680648215415,1.6476221924300847,9.652973635806253,-0.19619865113427343,1.6088289393010422,-0.4282608695652174,1.195959595959596,-0.4510978043912176,-0.6186231198077954,0.48765561846338984,-2.4881103467486905
9.74757703428626,-0.36326390140222264,1.7083009626541412,9.809932556713672,-0.23543838136112813,1.5303494788473329,-0.43695652173913047,1.2121212121212122,-0.44311377245508987,-1.6337848730320352,-0.02296320130220536,-2.1889853451860297
9.662844452002616,-0.32449276390309095,1.6837449626641274,9.770692826486817,-0.19619865113427343,1.5695892090741874,-0.42391304347826086,1.187878787878788,-0.44311377245508987,-0.6684183655603118,-0.03969991380675686,-2.3355211395383133
9.772574115528185,-0.36256416311385875,1.6483169669940223,9.770692826486817,-0.15695892090741875,1.5303494788473329,-0.43695652173913047,1.195959595959596,-0.44910179640718567,-2.1035064403767083,0.12641100294777508,-1.7280143652540279
9.797814698292928,-0.3494357434858826,1.5764115003914436,9.888412017167381,-0.15695892090741875,1.5695892090741874,-0.43695652173913047,1.2101010101010101,-0.40918163672654695,-1.6545862581354387,0.3277458380056608,-1.5499940613730183
9.736247538881159,-0.3733004493932873,1.6117017600515047,9.888412017167381,-0.03923973022685469,1.4518700183936235,-0.43043478260869567,1.183838383838384,-0.4590818363273454,-1.207597893922601,0.3967160539412376,-1.4327909412128652
9.785498244119195,-0.3374761487901361,1.6005043173388322,9.809932556713672,-0.19619865113427343,1.4518700183936235,-0.43478260869565216,1.195959595959596,-0.4510978043912176,-2.191246617039661,0.3176864276649713,-1.4837909558828353
9.83390640853537,-0.3989353839095731,1.576277421089631,9.888412017167381,-0.19619865113427343,1.4126302881667687,-0.4326086956521739,1.206060606060606,-0.4191616766467066,-1.711064982728458,0.5300128743498813,-1.2604558900966698
9.711864608395182,-0.37280801268481234,1.6114628551137298,9.849172286940528,-0.27467811158798283,1.491109748620478,-0.4282608695652174,1.1898989898989898,-0.41516966067864275,-0.21668697333651504,0.8978555395890837,-1.077681039011882
9.626528669253382,-0.39498810688690317,1.5862913092381221,9.652973635806253,-0.19619865113427343,1.491109748620478,-0.4326086956521739,1.1919191919191918,-0.43512974051896214,-0.3701048661484985,1.2991635091262426,-1.4715841224411768
9.711985279766813,-0.36061776634456777,1.6115859642908485,9.731453096259962,-0.19619865113427343,1.4518700183936235,-0.4391304347826087,1.2101010101010101,-0.4331337325349302,-0.9637531435202155,1.7902565416750924,-1.4656476396674596
9.589590100629962,-0.41886837950404743,1.5977313135968008,9.731453096259962,-0.23543838136112813,1.4518700183936235,-0.43043478260869567,1.1919191919191918,-0.4171656686626747,-0.13346645103399807,1.91116190281754,-1.4435322556417514
9.650415961575481,-0.3725306609110959,1.6590439132476071,9.731453096259962,-0.23543838136112813,1.4126302881667687,-0.4282608695652174,1.1939393939393939,-0.44910179640718567,-1.2117229313465345,1.4278357250525646,-1.341494937986915
9.637860323438042,-0.3969033702367152,1.670722822544061,9.770692826486817,-0.3139178418148375,1.5695892090741874,-0.43695652173913047,1.197979797979798,-0.4610778443113773,-1.5659755798940649,1.286965803143076,-1.3227432860261545
9.613345927682643,-0.34884212316410107,1.731199254912655,9.692213366033108,-0.4316370324954016,1.648068669527897,-0.4282608695652174,1.206060606060606,-0.42315369261477054,-1.272222926422732,1.319190253225838,-1.1431713068574458
9.575687648388554,-0.4697674965044658,1.7175652256152258,9.53525444512569,-0.19619865113427343,1.6088289393010422,-0.4282608695652174,1.197979797979798,-0.45508982035928147,-0.9108071288629412,1.4780291922615745,-1.9984964914490135
9.588353163999836,-0.3734454841342184,1.7668478719793785,9.692213366033108,-0.19619865113427343,1.6873083997547516,-0.43043478260869567,1.1818181818181819,-0.42914171656686634,-0.6175959167572096,2.8541413788236145,-1.682036968589082
9.60104890252493,-0.44444883053624507,1.6457828681897657,9.45677498467198,-0.27467811158798283,1.491109748620478,-0.42391304347826086,1.1818181818181819,-0.4331337325349302,-0.1241952109355299,3.3554888912250385,-1.9607352342024318
9.734784370964675,-0.43592072609008437,1.6953982750029621,9.770692826486817,-0.23543838136112813,1.5695892090741874,-0.4260869565217391,1.187878787878788,-0.4451097804391218,-1.237360301404436,3.468600595753722,-1.341238564286336
9.698214292794827,-0.4590856937091253,1.6707045390029047,9.849172286940528,-0.27467811158798283,1.491109748620478,-0.43478260869565216,1.204040404040404,-0.43712574850299407,-0.8695242172054719,3.022384112599777,-0.9494796627709111
9.758566103372054,-0.5093162058406586,1.682853944758446,9.809932556713672,-0.3531575720416922,1.5695892090741874,-0.4260869565217391,1.183838383838384,-0.42914171656686634,-1.2907782863865056,2.472471034808968,-1.0821492513566673
9.783550231936628,-0.43690559950703445,1.6958760848785122,9.966891477621092,-0.3139178418148375,1.5695892090741874,-0.4282608695652174,1.1818181818181819,-0.4730538922155689,-2.4899280085477087,1.6152294310182151,-0.4161653586977929
9.733454827097173,-0.5580616244918972,1.7062117633513534,9.849172286940528,-0.4316370324954016,1.6088289393010422,-0.4282608695652174,1.195959595959596,-0.4131736526946108,-1.6187835317106347,1.5673734408295943,-0.7442684384471523
9.721985231304414,-0.47272211675531595,1.718998655241876,9.809932556713672,-0.3139178418148375,1.5695892090741874,-0.4217391304347826,1.197979797979798,-0.4171656686626747,-0.3603703422395893,1.679557351720138,-0.8785255741441441
9.770744615937693,-0.4378515561496359,1.7559795330075185,9.809932556713672,-0.19619865113427343,1.6088289393010422,-0.4260869565217391,1.1919191919191918,-0.44311377245508987,-0.36592987555612744,1.640658690892853,-1.3955802449706745
9.807810332271414,-0.43763647121487725,1.708159569935866,9.927651747394236,-0.27467811158798283,1.5695892090741874,-0.4173913043478261,1.202020202020202,-0.41516966067864275,-0.12173263275143206,1.5193234015757762,-1.4132313428740066
9.75916730145065,-0.4364131627985594,1.6956371799407373,9.849172286940528,-0.3139178418148375,1.5695892090741874,-0.4217391304347826,1.185858585858586,-0.41516966067864275,0.3053021662005576,1.2341208508315653,-1.4022925653882412
9.820734460862424,-0.4125484568911546,1.660346920280676,9.849172286940528,-0.27467811158798283,1.491109748620478,-0.43043478260869567,1.183838383838384,-0.439121756487026,0.8591971619470531,0.6572314757977915,-0.6930026180073033
9.61372737081356,-0.41983768621125805,1.6220593787737334,9.652973635806253,-0.27467811158798283,1.491109748620478,-0.42391304347826086,1.1939393939393939,-0.439121756487026,1.0674185154194227,-0.2203505543132235,-0.48215707488803455
9.722478710688732,-0.4837201880987215,1.6586526454668635,9.809932556713672,-0.3531575720416922,1.5303494788473329,-0.4173913043478261,1.183838383838384,-0.43113772455089827,-0.9513679503440265,-1.8356159283191633,0.32890531448442883
9.662004069960313,-0.43372811096655595,1.658547819830901,9.731453096259962,-0.3139178418148375,1.5303494788473329,-0.4282608695652174,1.185858585858586,-0.4451097804391218,-1.6111138375382685,-2.225913575031278,0.7461491611890709
9.600430434209866,-0.42173738285133056,1.7303411473810548,9.574494175352545,-0.3139178418148375,1.648068669527897,-0.4260869565217391,1.204040404040404,-0.4051896207584831,-0.6251945416374143,-1.8285492117960507,0.705871717279492
9.697843643561699,-0.44784918736635193,1.7190059686583385,9.731453096259962,-0.27467811158798283,1.5695892090741874,-0.43043478260869567,1.1898989898989898,-0.4590818363273454,-0.7770850566872942,0.5950319849159922,-0.022647400383697402
9.74733353276344,-0.3756925827418349,1.7202224335966012,9.849172286940528,-0.15695892090741875,1.648068669527897,-0.41956521739130437,1.1898989898989898,-0.4451097804391218,0.36655629508294396,1.447403239292637,-0.09492031580254048
9.771600109436902,-0.41227888847230787,1.6960028507638623,9.849172286940528,-0.27467811158798283,1.5303494788473329,-0.42391304347826086,1.185858585858586,-0.4111776447105789,0.3839514189272225,1.5000789034754651,0.056996987711868466
9.771600109436902,-0.41227888847230787,1.6960028507638623,9.770692826486817,-0.19619865113427343,1.491109748620478,-0.40869565217391307,1.183838383838384,-0.4171656686626747,-0.2785037772170909,1.3711426603016894,-0.05805146412896978
9.86949600427526,-0.3896297076263513,1.685160108749621,9.927651747394236,-0.23543838136112813,1.5695892090741874,-0.4173913043478261,1.187878787878788,-0.43712574850299407,0.4572612730503361,1.430964589230072,-0.21750036938449577
9.747954159858061,-0.4103558417676262,1.6234964651086148,9.849172286940528,-0.23543838136112813,1.491109748620478,-0.41956521739130437,1.197979797979798,-0.42514970059880247,2.044067429101919,1.0737756840250485,-0.8113151990058483
9.650415961575481,-0.3725306609110959,1.6590439132476071,9.692213366033108,-0.19619865113427343,1.5303494788473329,-0.4108695652173913,1.1818181818181819,-0.4131736526946108,0.593864626554863,-0.2109008176625358,-0.26449377934539653
9.650905123400682,-0.359625109572748,1.6230332820659898,9.770692826486817,-0.19619865113427343,1.491109748620478,-0.41304347826086957,1.1818181818181819,-0.44710578842315374,-0.22135729136913232,-0.2536336132408046,-0.3932236894437232
9.590066309777812,-0.33425196012043923,1.6347268181953685,9.574494175352545,-0.19619865113427343,1.5695892090741874,-0.43043478260869567,1.187878787878788,-0.4590818363273454,0.6012609725474715,0.16378873365137922,0.1004512686015215
9.553496231607966,-0.3574169277394801,1.6100330821953108,9.613733905579398,-0.19619865113427343,1.491109748620478,-0.41304347826086957,1.183838383838384,-0.407185628742515,1.441722715943135,1.2566735598216812,0.16809227854399075
9.541061264842156,-0.3695993907248549,1.6218351006688834,9.613733905579398,-0.23543838136112813,1.4518700183936235,-0.4260869565217391,1.2,-0.44111776447105794,0.6055848359777639,1.6900730932622716,0.5414726687504885
9.601900078465025,-0.39497254017716366,1.6101415645395047,9.652973635806253,-0.27467811158798283,1.4126302881667687,-0.41304347826086957,1.1898989898989898,-0.4131736526946108,-0.7298804998424735,1.865892744623138,0.35710869092998365
9.748074831229694,-0.39816559542738167,1.6236195742857336,9.849172286940528,-0.27467811158798283,1.5303494788473329,-0.4043478260869565,1.1818181818181819,-0.42914171656686634,-0.7066468644245569,2.487268825810215,0.5241767348039414
9.723446240441339,-0.39815002871764216,1.647469829587116,9.809932556713672,-0.23543838136112813,1.491109748620478,-0.4173913043478261,1.187878787878788,-0.4331337325349302,1.0246298997075254,2.7491015586850662,-0.05587367542293078
9.687361006537573,-0.3845058223165818,1.6111008409988359,9.770692826486817,-0.19619865113427343,1.491109748620478,-0.40869565217391307,1.1898989898989898,-0.42514970059880247,0.4425186630208388,2.6461668567591663,0.1628751935979285
9.735521351871812,-0.43449011609387767,1.6231307942854896,9.809932556713672,-0.27467811158798283,1.5303494788473329,-0.41956521739130437,1.1676767676767676,-0.45508982035928147,-0.8052015200778917,2.068471096433206,0.2970253992311972
9.796112346412741,-0.44838832420404534,1.647694107691966,9.927651747394236,-0.23543838136112813,1.5303494788473329,-0.41304347826086957,1.1939393939393939,-0.43712574850299407,-0.4660332176781937,2.053165471125187,0.4609340964353371
9.807812491050973,-0.449588282555754,1.6959918806391685,9.888412017167381,-0.27467811158798283,1.5303494788473329,-0.4108695652173913,1.1737373737373737,-0.4650698602794412,-0.5517936715531008,1.3942055703533964,0.21844569336952344
9.881081953880534,-0.43887534634093456,1.6968317046296124,9.966891477621092,-0.3139178418148375,1.5695892090741874,-0.40652173913043477,1.1797979797979798,-0.4171656686626747,-1.1160124622596819,0.40629281979402165,0.04157837557316716
9.83194976123457,-0.45055758926296463,1.7203199458161011,9.888412017167381,-0.27467811158798283,1.6088289393010422,-0.4173913043478261,1.1717171717171717,-0.44311377245508987,-0.05208645186335219,-0.34585266758213923,-0.2580342685612144
9.770988117460513,-0.42542287481002355,1.7440580620650585,9.809932556713672,-0.3139178418148375,1.6088289393010422,-0.4152173913043478,1.195959595959596,-0.4131736526946108,0.8491914884152881,-0.22176293031173666,-0.8145755650742671
9.793080450665052,-0.6694818033240211,1.7297902033408799,9.927651747394236,-0.4316370324954016,1.5695892090741874,-0.40217391304347827,1.1737373737373737,-0.44111776447105794,0.06680451424868564,-0.3851125946306525,-0.6090330641538937
9.794153540332385,-0.48805871821656005,1.8039043217151338,9.927651747394236,-0.3531575720416922,1.7265481299816063,-0.4108695652173913,1.187878787878788,-0.45508982035928147,0.322703199057539,-0.44525057253452166,-1.052656689785252
9.794153540332385,-0.48805871821656005,1.8039043217151338,9.888412017167381,-0.3139178418148375,1.7265481299816063,-0.4043478260869565,1.1737373737373737,-0.4131736526946108,0.5928411339600782,0.3571434651187452,-2.469806738335799
9.879987276417621,-0.5007803180396282,1.7443944792223338,9.927651747394236,-0.3139178418148375,1.5695892090741874,-0.41956521739130437,1.1757575757575758,-0.439121756487026,0.8022314100662967,0.6458950454136466,-3.308402542237545
9.75867813962545,-0.44931871413690727,1.7316478111223548,9.888412017167381,-0.3531575720416922,1.5303494788473329,-0.41304347826086957,1.1919191919191918,-0.43512974051896214,1.8564425969266094,0.1833252143759059,-3.3341537795814338
9.661387760424807,-0.42296847462251813,1.7309384097254923,9.809932556713672,-0.27467811158798283,1.6088289393010422,-0.40652173913043477,1.1696969696969697,-0.4111776447105789,1.9228652989315895,-0.5593640577287208,-3.6237913906319017
9.710157938955877,-0.44785697072122166,1.7070808410076472,9.888412017167381,-0.39239730226854685,1.648068669527897,-0.40217391304347827,1.183838383838384,-0.43113772455089827,0.4274162248338499,-1.7035254251071983,-3.137354010157084
9.63833653258589,-0.312286950853107,1.7077183271426286,9.692213366033108,-0.11771919068056406,1.5303494788473329,-0.41304347826086957,1.197979797979798,-0.44111776447105794,0.02911681281363314,-2.1618641778878946,-2.6010516244019004
9.636412266978466,-0.5431863263196492,1.6692455124186358,9.652973635806253,-0.510116492949111,1.5695892090741874,-0.40869565217391307,1.1717171717171717,-0.43113772455089827,0.11112025014812296,-2.516224515012033,-3.255864054212508
9.527656609544179,-0.4554002017504323,1.6569876243189008,9.574494175352545,-0.23543838136112813,1.5695892090741874,-0.40217391304347827,1.1777777777777778,-0.43512974051896214,0.21822651185500758,-2.3664536931174363,-3.439444622532999
9.528251331284103,-0.34664172468570287,1.7062739273912848,9.574494175352545,-0.07847946045370938,1.5695892090741874,-0.40869565217391307,1.187878787878788,-0.44311377245508987,-0.10440138222306221,-2.7945988908795507,-3.040781081234804
9.514971664916875,-0.4441559120527892,1.717214181625026,9.574494175352545,-0.27467811158798283,1.5695892090741874,-0.40652173913043477,1.1797979797979798,-0.4051896207584831,-0.6231897996869393,-2.59783223092776,-2.929129318733169
9.393776723157666,-0.3446486277871935,1.7410936905922585,9.496014714898834,-0.23543838136112813,1.6088289393010422,-0.4043478260869565,1.1757575757575758,-0.407185628742515,-0.6513483876117303,-2.465806779627152,-2.80717472905164
9.405843199469905,-0.33318146979992214,1.7654254124774222,9.45677498467198,-0.19619865113427343,1.648068669527897,-0.40217391304347827,1.1919191919191918,-0.4111776447105789,-0.5834284318529104,-1.2969016612235293,-1.7888425217651212
9.441816397120272,-0.40682316790473394,1.7530005347017934,9.496014714898834,-0.27467811158798283,1.6088289393010422,-0.4,1.1757575757575758,-0.44910179640718567,-0.8743748514002689,-0.030665505998705572,-1.451332297113374
9.539587303027883,-0.3724606107172683,1.7663700621038285,9.652973635806253,-0.27467811158798283,1.6088289393010422,-0.4,1.1818181818181819,-0.439121756487026,-1.6355236989927713,0.6232273337567928,-1.474139059588019
9.685156540154836,-0.4246530863278321,1.791400215261161,9.770692826486817,-0.3139178418148375,1.5695892090741874,-0.4108695652173913,1.2,-0.42514970059880247,-1.7464201576853489,1.674945704479509,-1.336147965723527
9.686126228687003,-0.3510347382876295,1.7680497100847161,9.731453096259962,-0.03923973022685469,1.6873083997547516,-0.40869565217391307,1.195959595959596,-0.407185628742515,-1.8803623645739829,2.854116617887099,-2.095264817418899
9.552145099944882,-0.3600397127325258,1.7425234635106772,9.652973635806253,-0.19619865113427343,1.5695892090741874,-0.4043478260869565,1.1757575757575758,-0.43512974051896214,1.733738934593538,4.263526136847268,-2.800607351323122
9.845240221499589,-0.4128024586002619,1.6485412450988723,9.888412017167381,-0.27467811158798283,1.5303494788473329,-0.4108695652173913,1.195959595959596,-0.43512974051896214,1.0245913568418512,3.750251424330979,-2.595797244366898
9.649816922276441,-0.4573855152940719,1.6340929887686182,9.731453096259962,-0.27467811158798283,1.4518700183936235,-0.391304347826087,1.185858585858586,-0.4011976047904192,-0.6780578304036174,3.4793424536038406,-2.2137517410875986
9.747835647265989,-0.4344978994487474,1.6112056666347985,9.809932556713672,-0.23543838136112813,1.4518700183936235,-0.4152173913043478,1.1676767676767676,-0.44910179640718567,1.4156218045002291,3.1774385417784665,-2.827844430972759
9.748074831229694,-0.39816559542738167,1.6236195742857336,9.809932556713672,-0.3531575720416922,1.5303494788473329,-0.4,1.1898989898989898,-0.42315369261477054,0.9219958591197275,2.942538205129694,-2.8381172969942394
9.711864608395182,-0.37280801268481234,1.6114628551137298,9.770692826486817,-0.27467811158798283,1.4518700183936235,-0.4,1.187878787878788,-0.42514970059880247,-0.6554137236114406,1.7323772172336898,-2.8071340756916427
9.822305347473188,-0.2660270658088527,1.6497796502865223,9.927651747394236,-0.11771919068056406,1.491109748620478,-0.4043478260869565,1.1818181818181819,-0.4451097804391218,-0.18359772775346778,1.1993109150627161,-2.674970106372655
9.664191266106583,-0.2979663562282919,1.575589959942156,9.692213366033108,-0.27467811158798283,1.491109748620478,-0.4043478260869565,1.1656565656565656,-0.44910179640718567,1.0413353847278677,0.6071356463656313,-2.383036927991766
9.60311326852001,-0.30892551079734876,1.5748695884205997,9.652973635806253,-0.15695892090741875,1.4518700183936235,-0.3978260869565217,1.1919191919191918,-0.42315369261477054,-0.682941441182369,-0.2778271812922386,-0.4798626007973018
9.614813413158242,-0.3101254691490575,1.6231673613678024,9.692213366033108,-0.07847946045370938,1.4518700183936235,-0.3978260869565217,1.1777777777777778,-0.43512974051896214,-1.1389817149475556,-0.32552447383905037,0.011389817149475557
9.565446354107692,-0.38204363877420666,1.609906316309961,9.692213366033108,-0.15695892090741875,1.491109748620478,-0.40217391304347827,1.1939393939393939,-0.43512974051896214,-2.5299643115344344,0.39206421874667385,-0.12679161163750738
9.759402167855239,-0.3761772360954402,1.7323864661850674,9.849172286940528,-0.19619865113427343,1.6088289393010422,-0.39565217391304347,1.185858585858586,-0.4051896207584831,-2.3717536951176172,1.0480233049897414,-0.3108832235050976
9.66176272721705,-0.458108603647045,1.6583016014766634,9.770692826486817,-0.19619865113427343,1.5695892090741874,-0.3978260869565217,1.1818181818181819,-0.43113772455089827,-0.6873867235174856,1.2231659369360612,-0.8904645358066503
9.747346485440788,-0.4474034507870953,1.647216297816416,9.809932556713672,-0.27467811158798283,1.5695892090741874,-0.4043478260869565,1.183838383838384,-0.4111776447105789,-1.9389156134460883,1.1911158042737886,-0.147911224093676
9.771360925473198,-0.44861119249367365,1.6835889431129272,9.888412017167381,-0.3531575720416922,1.648068669527897,-0.4,1.1818181818181819,-0.43512974051896214,-1.5767223249646576,0.9562287206488773,-0.5317612938606197
9.625188331488088,-0.45736994858433244,1.6579432440700008,9.652973635806253,-0.27467811158798283,1.5695892090741874,-0.39565217391304347,1.1797979797979798,-0.44311377245508987,-1.6882209881884909,0.7626110854016528,-0.7435740638823737
9.697725130969626,-0.47199124504747314,1.7067151701845222,9.809932556713672,-0.3531575720416922,1.5695892090741874,-0.4043478260869565,1.187878787878788,-0.4331337325349302,-2.4318483920473764,1.390558088620983,-0.5232100331897924
9.722338610301076,-0.38834413237107557,1.7680387399600224,9.849172286940528,-0.27467811158798283,1.6873083997547516,-0.4043478260869565,1.1757575757575758,-0.4111776447105789,-0.7096793996487841,2.033095979555577,-0.8598233580947668
9.746482356823346,-0.42516887310091633,1.7558637372468624,9.770692826486817,-0.27467811158798283,1.648068669527897,-0.40652173913043477,1.1696969696969697,-0.43712574850299407,-0.5263778305982205,2.554417918546396,-1.4700213927966796
9.747092190020178,-0.40007307542232395,1.7199762152423637,9.849172286940528,-0.27467811158798283,1.5695892090741874,-0.4043478260869565,1.1898989898989898,-0.439121756487026,-1.042910399592642,1.8373098295552017,-1.7538294511371535
9.758548833135587,-0.4137017151136449,1.7801954591320261,9.809932556713672,-0.19619865113427343,1.7265481299816063,-0.40217391304347827,1.1737373737373737,-0.45508982035928147,-0.6231102691025422,1.8311681110330582,-1.2104989353317883
9.624194896380782,-0.3995183718748911,1.8151383315101186,9.770692826486817,-0.19619865113427343,1.6873083997547516,-0.4,1.1797979797979798,-0.43113772455089827,0.4191418599163827,2.026883956989733,-1.5555222170782514
9.660646461958557,-0.4004954619369714,1.82754126903636,9.692213366033108,-0.3139178418148375,1.648068669527897,-0.4043478260869565,1.185858585858586,-0.4211576846307386,-0.20562980668456388,2.4751656661845587,-1.549274500412242
9.648579985646313,-0.4119626199242428,1.803209547151196,9.692213366033108,-0.3139178418148375,1.8050275904353157,-0.4,1.1818181818181819,-0.42914171656686634,-0.007408292805295806,2.4974381065049274,-1.7033479703038865
9.647737444824454,-0.5092461556468311,1.7901800936146675,9.770692826486817,-0.39239730226854685,1.6873083997547516,-0.39565217391304347,1.1777777777777778,-0.43512974051896214,-0.24812371179683332,2.5259259565926486,-1.244667051855416
9.672486706984442,-0.49707147601632606,1.7664529474904036,9.849172286940528,-0.39239730226854685,1.6873083997547516,-0.4043478260869565,1.1757575757575758,-0.43712574850299407,-1.3271331353868459,1.9520887961720181,-1.1274130792925194
9.793550183474228,-0.5490099499177826,1.80328877582954,9.809932556713672,-0.3531575720416922,1.6873083997547516,-0.40217391304347827,1.1737373737373737,-0.4191616766467066,-1.9931014698812937,1.7911952215822735,-1.561818034730845
9.73331472670952,-0.46268556876425126,1.8155978578445122,9.809932556713672,-0.3531575720416922,1.6873083997547516,-0.40652173913043477,1.1696969696969697,-0.44910179640718567,-0.07172116660305108,1.7349046314532495,-2.767343624835871
9.721496069479215,-0.4856276680936638,1.7550092864234936,9.809932556713672,-0.3531575720416922,1.648068669527897,-0.3978260869565217,1.185858585858586,-0.4051896207584831,-0.2221224390338592,1.344050027364409,-3.602341513252247
9.660418071892643,-0.49658682266272075,1.7542889149019374,9.770692826486817,-0.27467811158798283,1.7265481299816063,-0.4108695652173913,1.185858585858586,-0.4271457085828344,-1.261767160135169,-0.11060924400689892,-3.272553431060246
9.745878999965191,-0.48612010480213885,1.7552481913612688,9.849172286940528,-0.3139178418148375,1.6088289393010422,-0.40217391304347827,1.1777777777777778,-0.42315369261477054,-2.733801478485944,-0.49360768228797675,-2.740722821717042
9.80866150821151,-0.3881601808557959,1.6725182662856048,9.927651747394236,-0.19619865113427343,1.491109748620478,-0.4,1.1797979797979798,-0.40918163672654695,-1.9347959384425535,-1.0536634317048688,-3.6308421546840157
9.527038141229117,-0.43268875406551777,1.7415459035101897,9.613733905579398,-0.3139178418148375,1.648068669527897,-0.40652173913043477,1.1757575757575758,-0.4171656686626747,-1.636413900944084,-1.197237555030134,-2.8125331993936014
9.661756250878376,-0.4222531696244148,1.694804669366756,9.770692826486817,-0.3139178418148375,1.6088289393010422,-0.4152173913043478,1.1474747474747475,-0.42914171656686634,-2.0529104753743828,-0.8302889440167072,-3.386315001710135
9.551918868658525,-0.46808288479915183,1.657103420079557,9.613733905579398,-0.39239730226854685,1.5303494788473329,-0.41304347826086957,1.1616161616161615,-0.47504990019960086,-0.5158143830527798,-0.20181316163794913,-3.797123224990765
9.612871877314351,-0.44541035388858596,1.6820360610173897,9.731453096259962,-0.27467811158798283,1.5695892090741874,-0.40652173913043477,1.1696969696969697,-0.4211576846307386,-0.9803955816615815,0.6441588255899446,-3.5187131544495442
9.650181095170893,-0.43276658761421505,1.6222946270032772,9.652973635806253,-0.27467811158798283,1.6088289393010422,-0.40652173913043477,1.1656565656565656,-0.4451097804391218,-0.8877470427143915,0.8068865836416853,-3.6261035181660124
9.699186140106551,-0.39741915700979935,1.6351863445297623,9.770692826486817,-0.15695892090741875,1.491109748620478,-0.4043478260869565,1.185858585858586,-0.407185628742515,-0.543714497260231,1.5518181647655784,-3.73600772194755
9.710526429409446,-0.4471416657231183,1.670947100648911,9.731453096259962,-0.3139178418148375,1.4518700183936235,-0.40217391304347827,1.1777777777777778,-0.4211576846307386,0.045588479187283815,1.7960519921110762,-3.3768817403051807
9.638961477239631,-0.37085383256065163,1.5866569800612471,9.809932556713672,-0.19619865113427343,1.491109748620478,-0.40869565217391307,1.1636363636363636,-0.45309381237524954,2.1326198641047265,2.36417601587606,-3.990907947690477
9.60227072769815,-0.40620904651993706,1.561840134884071,9.731453096259962,-0.27467811158798283,1.3733905579399142,-0.40217391304347827,1.1797979797979798,-0.407185628742515,1.8434222226352104,1.8597416621026237,-3.242768822986809
9.65078445202905,-0.37181535591299253,1.622910172888871,9.692213366033108,-0.15695892090741875,1.5303494788473329,-0.40217391304347827,1.1737373737373737,-0.407185628742515,-1.0338741473087814,1.7536345208437742,-2.301448330770258
9.833412929151054,-0.3879373125661676,1.6366234308646435,9.927651747394236,-0.15695892090741875,1.5303494788473329,-0.4043478260869565,1.1757575757575758,-0.44910179640718567,-1.7532144279339832,1.9536256418565476,-2.2942549279640065
9.809385536441296,-0.31501870281432887,1.6732569213483175,9.888412017167381,-0.15695892090741875,1.5303494788473329,-0.4152173913043478,1.185858585858586,-0.42514970059880247,-1.2822640326699168,3.218719926951159,-2.511892188570639
9.785256901375933,-0.36185664147062513,1.6002580989845947,9.809932556713672,-0.27467811158798283,1.5303494788473329,-0.40652173913043477,1.1676767676767676,-0.43712574850299407,0.5681719946213678,3.3464521166621677,-3.321271073558381
9.809876857046053,-0.3140649628168577,1.6250786008700024,9.888412017167381,-0.11771919068056406,1.5695892090741874,-0.4043478260869565,1.1757575757575758,-0.44910179640718567,-1.0202222486447308,3.1950065336119033,-2.3776304771333243
10.004815312003117,-0.306291080143149,1.6512021097884786,10.123850398528509,-0.19619865113427343,1.4518700183936235,-0.40869565217391307,1.1818181818181819,-0.40918163672654695,-0.5794522886276953,4.100947935279503,-2.184319545554788
9.957148446053196,-0.2673048577092587,1.5788261467268123,10.006131207847945,-0.15695892090741875,1.4518700183936235,-0.4043478260869565,1.1717171717171717,-0.42914171656686634,1.9736583528192562,3.9729207444665717,-3.076770804060512
9.79853656774316,-0.2643424541035388,1.5893178447508536,9.888412017167381,-0.11771919068056406,1.4126302881667687,-0.41304347826086957,1.183838383838384,-0.43712574850299407,1.743450905553864,3.380509300877886,-2.4813128360517367
9.774397138780003,-0.25142133605545147,1.5771574688706185,9.888412017167381,-0.11771919068056406,1.491109748620478,-0.40652173913043477,1.1797979797979798,-0.41516966067864275,0.3009244889979477,2.422483523380884,-1.4935035414679263
9.760623993028458,-0.3379374520791322,1.6484437328793724,9.888412017167381,-0.15695892090741875,1.5695892090741874,-0.4,1.1737373737373737,-0.4191616766467066,0.1869155466917231,2.128701875583378,-0.32126079044790584
9.748680346867408,-0.34916617506703584,1.61206743087463,9.849172286940528,-0.27467811158798283,1.491109748620478,-0.41304347826086957,1.1555555555555554,-0.46307385229540926,1.096906770554632,2.6375150889073513,-0.39119720458767565
9.662975917272039,-0.3720615742672301,1.6230296253577585,9.809932556713672,-0.23543838136112813,1.5303494788473329,-0.41304347826086957,1.1737373737373737,-0.42514970059880247,1.7529701420210582,2.902870345285171,-1.0517502337396023
9.626772170776201,-0.3825594255472909,1.5743698382956621,9.731453096259962,-0.27467811158798283,1.4518700183936235,-0.40217391304347827,1.1595959595959595,-0.43512974051896214,1.3876582033387144,2.3403714633808006,-1.7172986352653266
9.662613903157144,-0.40863231328796357,1.6226602978264022,9.770692826486817,-0.23543838136112813,1.4518700183936235,-0.40217391304347827,1.1676767676767676,-0.44710578842315374,0.9248012351635917,1.899909946926737,-1.514951434404868
9.712108109918002,-0.3603793313452,1.5995413841712698,9.809932556713672,-0.19619865113427343,1.5303494788473329,-0.4043478260869565,1.1757575757575758,-0.4191616766467066,-0.2543596928826652,1.5372464767917629,-0.8795856806377134
9.735398521720622,-0.4347285510932455,1.6351753744050683,9.849172286940528,-0.3531575720416922,1.5303494788473329,-0.4,1.1696969696969697,-0.44710578842315374,0.2027694263396692,1.267983690199919,-0.9449934737310773
9.674691173367178,-0.4569242120050757,1.5861535732280783,9.770692826486817,-0.3139178418148375,1.5303494788473329,-0.4108695652173913,1.1818181818181819,-0.4451097804391218,0.8302493401492559,1.1361811607670502,-0.9968956492950288
9.649700568463928,-0.4934793843160698,1.6096345009981046,9.731453096259962,-0.3531575720416922,1.3733905579399142,-0.4152173913043478,1.1737373737373737,-0.46906187624750506,0.8062510185024971,0.3774923079323218,-1.1031195444055573
9.649944069986748,-0.48105070297645747,1.5977130300556448,9.652973635806253,-0.27467811158798283,1.4126302881667687,-0.40217391304347827,1.1515151515151516,-0.4331337325349302,0.0907116160729233,6.366086200755502E-4,-1.6739109184420982
9.68688695616928,-0.4810740530410667,1.5619376471035709,9.770692826486817,-0.27467811158798283,1.491109748620478,-0.40652173913043477,1.1696969696969697,-0.46307385229540926,-0.639510748675167,-0.09681497878237544,-2.4574832195094465
9.61470569446396,-0.39402658353456227,1.5500381164104984,9.692213366033108,-0.27467811158798283,1.491109748620478,-0.40217391304347827,1.1797979797979798,-0.42914171656686634,-0.6481133696385856,-0.6225623408776042,-2.791997953756086
9.491584328317765,-0.5134668633946322,1.5476124999504357,9.574494175352545,-0.3139178418148375,1.3733905579399142,-0.41304347826086957,1.1515151515151516,-0.45508982035928147,-1.8266711601994374,-0.9096969056219217,-2.1718473568390704
9.590320605198425,-0.38158233548521053,1.5619669007694208,9.652973635806253,-0.23543838136112813,1.4126302881667687,-0.4,1.1696969696969697,-0.45309381237524954,-2.975501847206593,-0.8982254150648871,-1.9474312933150066
9.516445626731148,-0.44129469206037575,1.5726792201900808,9.496014714898834,-0.3531575720416922,1.4126302881667687,-0.40869565217391307,1.1616161616161615,-0.42315369261477054,-2.886078577976762,-0.7842926228911166,-2.3285536628894343
9.601779407093392,-0.4071627865174082,1.610018455362386,9.692213366033108,-0.27467811158798283,1.491109748620478,-0.40652173913043477,1.1696969696969697,-0.40918163672654695,-2.478284477133515,-0.31935582038683286,-1.921985216065167
9.540106687766896,-0.5268804181511946,1.5600117807684457,9.692213366033108,-0.4316370324954016,1.4126302881667687,-0.4152173913043478,1.1777777777777778,-0.439121756487026,-2.1715625393546913,0.7525738764813978,-3.020109469663488
9.600824830018134,-0.5644438139437479,1.548195135461948,9.692213366033108,-0.4316370324954016,1.3733905579399142,-0.4108695652173913,1.1676767676767676,-0.4191616766467066,-3.0673837803033988,0.83960787874127,-2.1290219796874608
9.56460597206539,-0.4912789858376716,1.5847091734767347,9.652973635806253,-0.3531575720416922,1.4518700183936235,-0.4043478260869565,1.1575757575757575,-0.439121756487026,-3.2475964804303303,0.9782158630076924,-3.4047863926101454
9.512336323757012,-0.8199076336060588,1.6049965760581357,9.613733905579398,-0.510116492949111,1.4518700183936235,-0.4152173913043478,1.1717171717171717,-0.45309381237524954,-3.549280883459888,0.7751090278203648,-2.671731525766162
9.479125614976816,-0.394179401630363,1.693259100687681,9.496014714898834,-0.39239730226854685,1.6088289393010422,-0.4152173913043478,1.1737373737373737,-0.4171656686626747,-3.195625667246381,2.0273324036011213,-3.86157986500054
9.6110402189443,-0.5087459355834864,1.8018663163275837,9.652973635806253,-0.3531575720416922,1.6873083997547516,-0.41956521739130437,1.1616161616161615,-0.45309381237524954,-2.296158072378106,3.094642525278837,-4.007456670226789
9.513389984408319,-0.5309182464307074,1.7886198981026673,9.613733905579398,-0.5493562231759657,1.7265481299816063,-0.4152173913043478,1.1696969696969697,-0.44111776447105794,-2.2129672025655878,4.56245936351424,-6.365703027594116
9.576653019361604,-0.3722455257825097,1.718550099032176,9.692213366033108,-0.4316370324954016,1.648068669527897,-0.41956521739130437,1.1797979797979798,-0.4131736526946108,-0.4299649079122536,5.496663519408262,-3.9804912254455926
9.601772930754718,-0.37130735249477803,1.6465215232524784,9.692213366033108,-0.19619865113427343,1.491109748620478,-0.4152173913043478,1.1636363636363636,-0.41516966067864275,-1.0671441167766509,5.388477573223227,-4.658530079744781
9.845720748206558,-0.3520896618984071,1.661201371104045,9.966891477621092,-0.19619865113427343,1.5303494788473329,-0.4260869565217391,1.1757575757575758,-0.4451097804391218,-3.6813322813996097,4.270252798202176,-2.4879015060833427
9.809883333384729,-0.3499203968394879,1.5885755329799098,9.888412017167381,-0.3139178418148375,1.4518700183936235,-0.4173913043478261,1.1636363636363636,-0.4650698602794412,-3.030688385713437,2.7172419981461307,-3.4069554735573147
9.904889591642611,-0.6556925621820295,1.538275102824726,10.084610668301655,-0.8240343347639485,1.3733905579399142,-0.4217391304347826,1.1656565656565656,-0.4191616766467066,-4.615485166486974,1.7696851028552207,-1.3074573156355107
9.95704720369759,-0.3870614061173937,1.469193833879416,10.006131207847945,-0.19619865113427343,1.3341508277130594,-0.4282608695652174,1.1676767676767676,-0.4670658682634731,-3.025541046223431,1.1039521102748324,-2.8138510534160925
9.78671359295374,-0.2633809307511979,1.5530646519232296,9.849172286940528,-0.15695892090741875,1.5303494788473329,-0.41956521739130437,1.1676767676767676,-0.42914171656686634,-2.798086565702,0.6289625688119662,-1.0822852940387975
9.846705548195631,-0.36213399324434153,1.5526770408507173,9.927651747394236,-0.3531575720416922,1.4126302881667687,-0.4173913043478261,1.1454545454545455,-0.44910179640718567,-3.357957074121406,0.09113065526819375,-1.274405220133311
9.895352896575512,-0.3872609243424128,1.540864052252451,9.927651747394236,-0.27467811158798283,1.4126302881667687,-0.4217391304347826,1.1595959595959595,-0.45309381237524954,-3.740803132442883,0.6775829214872786,-1.7724779002345068
9.809891968502962,-0.3977276422029947,1.5399047757931197,9.849172286940528,-0.23543838136112813,1.4518700183936235,-0.4282608695652174,1.1777777777777778,-0.4191616766467066,-2.1990659131427766,1.1770619194500063,-1.5901766412488005
9.797207023875657,-0.38648335250535165,1.6001313330992448,9.888412017167381,-0.23543838136112813,1.4518700183936235,-0.42391304347826086,1.1555555555555554,-0.44710578842315374,-1.2762167966860558,1.1174819193695504,-1.34084999933352
9.725036556068128,-0.3591949397032308,1.5273933559226847,9.809932556713672,-0.19619865113427343,1.3341508277130594,-0.43478260869565216,1.1737373737373737,-0.4451097804391218,-1.440736908333914,1.517520886553493,-1.3087865472664708
9.6885979431677,-0.42992871768641083,1.441984282616258,9.731453096259962,-0.19619865113427343,1.3341508277130594,-0.4260869565217391,1.1737373737373737,-0.41516966067864275,-0.4716564418101166,2.342497852307549,-0.39072069793931336
9.943881732363318,-0.4365299131216054,1.5167602651803684,9.966891477621092,-0.3139178418148375,1.25567136725935,-0.42391304347826086,1.1636363636363636,-0.42914171656686634,-1.6051941333332558,3.3511024295860605,0.3658618272648915
9.773699015904915,-0.4679845501874391,1.4304065422475356,9.849172286940528,-0.3139178418148375,1.3341508277130594,-0.4260869565217391,1.1717171717171717,-0.45508982035928147,0.7933835601534232,3.8462650471129742,0.281039548428884
9.82185072612092,-0.47016159860122814,1.4911072527209794,9.849172286940528,-0.4316370324954016,1.4126302881667687,-0.41304347826086957,1.1656565656565656,-0.4131736526946108,-0.675106305310241,3.6200287108931906,1.010553344421924
9.932058757573897,-0.4355683897692645,1.4805070723527447,9.966891477621092,-0.3531575720416922,1.3733905579399142,-0.42391304347826086,1.1575757575757575,-0.45508982035928147,1.0929629822470277,4.400388125207988,0.5213897618125108
9.894874528648103,-0.45992553238514433,1.5160362369505809,10.006131207847945,-0.27467811158798283,1.3733905579399142,-0.43043478260869567,1.1595959595959595,-0.46307385229540926,2.221386772300001,3.974197039845507,0.20592301440627758
9.834167180294656,-0.48212119329697456,1.4670144357735908,9.888412017167381,-0.3531575720416922,1.3341508277130594,-0.4217391304347826,1.1757575757575758,-0.4171656686626747,1.367626609309988,2.8581198046456753,0.36655187078902945
9.796500265882333,-0.5552393212738325,1.502051163662952,9.849172286940528,-0.4316370324954016,1.4518700183936235,-0.4152173913043478,1.1656565656565656,-0.42315369261477054,1.3559888581212147,2.4686914512228206,1.1271245220651758
9.7716260147916,-0.5557006245628286,1.549990579203492,9.927651747394236,-0.47087676272225626,1.4126302881667687,-0.4326086956521739,1.1717171717171717,-0.45708582834331346,1.4195838887083112,2.6891527933158477,1.126488571759305
9.83428353410717,-0.44602732427497666,1.4914729235441044,9.888412017167381,-0.27467811158798283,1.3733905579399142,-0.42391304347826086,1.1717171717171717,-0.4271457085828344,2.515530128390714,3.817358776763278,0.61362796867807
9.918774773647554,-0.5091789544545974,1.515782705179881,10.006131207847945,-0.3531575720416922,1.3341508277130594,-0.4173913043478261,1.1535353535353536,-0.43113772455089827,2.438554348762423,2.6541259854177546,0.2189604641169385
9.821615859716331,-0.5303975253043474,1.4543579664766495,9.888412017167381,-0.3139178418148375,1.3341508277130594,-0.4260869565217391,1.1656565656565656,-0.45708582834331346,2.173364723482209,0.59996747598181,0.31286711322145166
9.759085488111067,-0.663736013274585,1.4764956634230633,9.731453096259962,-0.47087676272225626,1.2949110974862048,-0.41956521739130437,1.1757575757575758,-0.44710578842315374,-0.3808719118975302,-0.8586989012528398,1.1444931297653633
9.759807357561296,-0.5786427238922411,1.4894020077824732,9.888412017167381,-0.510116492949111,1.3341508277130594,-0.4173913043478261,1.1555555555555554,-0.45708582834331346,0.7345687274137234,-1.2157158557921932,0.9964565940946842
9.540975133943457,-0.5730186185191269,1.4270289627446042,9.613733905579398,-0.3139178418148375,1.2949110974862048,-0.42391304347826086,1.1717171717171717,-0.44910179640718567,2.0667910127652505,-0.3470516917530991,-0.18796829035578938
9.407468055569625,-0.4854553622395383,1.4506659100658306,9.45677498467198,-0.39239730226854685,1.2949110974862048,-0.4282608695652174,1.1717171717171717,-0.42914171656686634,1.5659058512786954,0.18134580913649823,-0.1525411877903535
9.481110326411871,-0.497930743708369,1.3910366151041431,9.53525444512569,-0.39239730226854685,1.25567136725935,-0.4173913043478261,1.1676767676767676,-0.4271457085828344,0.5414883113631549,1.207731833096907,-0.7810802823531754
9.5302338839396,-0.4384412554228321,1.4162191311044443,9.574494175352545,-0.39239730226854685,1.2949110974862048,-0.4260869565217391,1.1676767676767676,-0.46307385229540926,0.9554401069497921,2.3493361887887634,-0.4354099143774827
9.55558002661907,-0.3294599100684743,1.429610598755867,9.613733905579398,-0.23543838136112813,1.3341508277130594,-0.4173913043478261,1.1656565656565656,-0.42914171656686634,1.3518117440459811,3.2828774360568036,-0.10477287029217085
9.579238928875258,-0.4030938248184164,1.4291108486309294,9.652973635806253,-0.19619865113427343,1.2949110974862048,-0.4108695652173913,1.1575757575757575,-0.42914171656686634,0.7521908065770437,3.252690359659069,-0.1748222882939073
9.639099418847726,-0.4542780769474209,1.4894385748647856,9.731453096259962,-0.23543838136112813,1.3733905579399142,-0.4152173913043478,1.1595959595959595,-0.45708582834331346,-0.33033554089294365,3.2232617887707917,0.5812501234697659
9.700050268723993,-0.41965373469597833,1.526538905099316,9.731453096259962,-0.19619865113427343,1.4126302881667687,-0.4282608695652174,1.1636363636363636,-0.4610778443113773,-0.021171529469782333,3.550830114915716,0.47169460502853816
9.748094260245718,-0.5057318974952721,1.514110370615456,9.770692826486817,-0.39239730226854685,1.4126302881667687,-0.4173913043478261,1.1515151515151516,-0.43512974051896214,0.3075250917993005,3.7189885669597973,0.9398905285496877
9.735902795002731,-0.5054856791410347,1.5139909181465683,9.770692826486817,-0.39239730226854685,1.4126302881667687,-0.4282608695652174,1.1757575757575758,-0.46307385229540926,0.24247220820414855,2.926871832223152,1.366396570693624
9.64971999747995,-0.6010456863839603,1.500125297327827,9.731453096259962,-0.47087676272225626,1.3733905579399142,-0.42391304347826086,1.1474747474747475,-0.4650698602794412,-0.7130962133305624,2.403804828032965,1.4976252587112524
9.783576137291327,-0.5803273355975551,1.549863813318142,9.849172286940528,-0.4316370324954016,1.3733905579399142,-0.4152173913043478,1.1737373737373737,-0.43712574850299407,-1.7718250598557308,2.3233087631367777,1.6146764255035004
9.697988061508472,-0.5671288657757514,1.5852844955717846,9.770692826486817,-0.3531575720416922,1.4126302881667687,-0.41956521739130437,1.1636363636363636,-0.46906187624750506,0.5571358476583037,3.0452039402566857,0.4811206567325425
9.686050891686095,-0.6142130227862852,1.5124051256769493,9.731453096259962,-0.39239730226854685,1.2949110974862048,-0.4217391304347826,1.1656565656565656,-0.44111776447105794,1.3181886281570132,3.1725779551658055,-0.2869461448367032
9.79710362274049,-0.49428808957260995,1.502666709548546,9.770692826486817,-0.3531575720416922,1.3733905579399142,-0.4108695652173913,1.1434343434343435,-0.44910179640718567,-0.5012219966203759,2.1056756632631917,-0.04061515645965176
9.833309528015889,-0.49574204963342583,1.5391588073139446,9.888412017167381,-0.3139178418148375,1.3733905579399142,-0.42391304347826086,1.1616161616161615,-0.4670658682634731,-1.641437386758597,1.5198892043281678,0.10766912671929701
9.808687413566206,-0.5315819169463165,1.5265059947252346,9.927651747394236,-0.3139178418148375,1.4518700183936235,-0.41956521739130437,1.1515151515151516,-0.5069860279441119,-1.1742703465133713,1.0846184939118932,-0.32285805699114006
9.881963352734441,-0.5567244147541273,1.490842750825586,9.888412017167381,-0.23543838136112813,1.3341508277130594,-0.41956521739130437,1.1535353535353536,-0.4451097804391218,-0.7826965378678508,0.9311661550903506,-0.919929688613717
9.736519104538237,-0.5162453154850725,1.441600328251977,9.849172286940528,-0.27467811158798283,1.3341508277130594,-0.43043478260869567,1.1737373737373737,-0.4670658682634731,0.12194473496885336,1.0722311465117242,-1.1571129834713616
9.798321130354594,-0.43214468287454844,1.4430593548362458,9.888412017167381,-0.27467811158798283,1.2949110974862048,-0.4282608695652174,1.1616161616161615,-0.4930139720558883,0.4301188206043507,1.5289338767616487,-1.4947954847839904
9.785769809776273,-0.4804210148819212,1.4304028855393045,9.888412017167381,-0.27467811158798283,1.3341508277130594,-0.41304347826086957,1.1575757575757575,-0.4650698602794412,0.3209818211995508,1.4346241107783981,-1.5697497421663682
9.77370333346403,-0.4918881728691926,1.4060711636541408,9.849172286940528,-0.3139178418148375,1.2949110974862048,-0.4282608695652174,1.1373737373737374,-0.4850299401197605,0.2722430446257741,1.0433443120245676,-1.447589350598349
9.774311007881304,-0.4548405638497235,1.3823513309463393,9.888412017167381,-0.3139178418148375,1.25567136725935,-0.4217391304347826,1.1676767676767676,-0.4451097804391218,-0.5244792467283068,0.7987294868131335,-1.059393990802679
9.688242405391481,-0.5023548907297746,1.4051118871948094,9.809932556713672,-0.3531575720416922,1.2949110974862048,-0.4173913043478261,1.1555555555555554,-0.44910179640718567,0.5023889245586443,0.8083056310223055,-1.2217539272684002
9.603996826153478,-0.43872639055141827,1.3567129453198754,9.692213366033108,-0.3139178418148375,1.2164316370324952,-0.4217391304347826,1.1535353535353536,-0.4650698602794412,0.8861640704280909,1.0143911823388294,-1.423310309905802
9.639972182583401,-0.5243198999971068,1.3321203782475493,9.731453096259962,-0.3531575720416922,1.1771919068056407,-0.4108695652173913,1.1676767676767676,-0.44111776447105794,0.05567562428578435,1.2535365749330272,-1.8256518132770785
9.56743754188142,-0.5216504148748428,1.2711807628363305,9.652973635806253,-0.4316370324954016,1.0987124463519313,-0.4152173913043478,1.1616161616161615,-0.45508982035928147,0.2023385188076361,1.8788810233585502,-1.5989815600930193
9.604608818129867,-0.4255824042137026,1.3086577340186791,9.613733905579398,-0.39239730226854685,1.137952176578786,-0.4173913043478261,1.1656565656565656,-0.4590818363273454,0.8771806238883585,3.0641225235591567,-1.3015474716381232
9.605328528800538,-0.3285373034904821,1.3337317676747869,9.574494175352545,-0.15695892090741875,1.2164316370324952,-0.4217391304347826,1.1616161616161615,-0.4451097804391218,2.099338741908657,4.809187384289638,-2.08943445205787
9.752233786133669,-0.29444431472186317,1.3114453645936357,9.849172286940528,-0.19619865113427343,1.137952176578786,-0.4108695652173913,1.1575757575757575,-0.4770459081836328,1.882884836765208,5.471796940787401,-2.908562688671835
9.837214187499253,-0.344690393563136,1.2997445150477944,9.966891477621092,-0.3139178418148375,1.1771919068056407,-0.4217391304347826,1.1616161616161615,-0.46906187624750506,0.32551718654171796,4.395307189524223,-1.0070574532342387
9.886467051516846,-0.3208179043008615,1.2763793830384247,9.966891477621092,-0.19619865113427343,1.0987124463519313,-0.40652173913043477,1.1535353535353536,-0.45309381237524954,0.10552201373545136,3.1676328940598015,-0.29002860416777276
9.946821020873632,-0.3830002277732716,1.2763610994972683,10.084610668301655,-0.3139178418148375,1.0987124463519313,-0.41956521739130437,1.1494949494949496,-0.45309381237524954,-0.7339017703256516,1.554980236452191,0.26589415078310447
9.835878167293075,-0.43097585794231874,1.347061071286278,9.927651747394236,-0.27467811158798283,1.1771919068056407,-0.4108695652173913,1.1555555555555554,-0.4670658682634731,0.03533858473425305,-0.03752811487300638,0.5015477548370683
9.762488033091882,-0.4538790404973826,1.3460981381187156,9.849172286940528,-0.23543838136112813,1.137952176578786,-0.4173913043478261,1.1636363636363636,-0.46307385229540926,-0.4140456104102856,-0.9240521503488448,0.9623153610470686
9.676779285937398,-0.45287081701582343,1.3813957111952393,9.770692826486817,-0.3531575720416922,1.25567136725935,-0.4217391304347826,1.1494949494949496,-0.4790419161676647,-0.08163137334656986,-1.0825124582734649,0.5939722072695874
9.676425906940736,-0.5372488014000638,1.332355626477093,9.770692826486817,-0.4316370324954016,1.2164316370324952,-0.4282608695652174,1.1696969696969697,-0.4670658682634731,-1.0366564338941384,-1.186218918732683,0.3601764502705003
9.639732998619698,-0.5606522040184725,1.3197064705966142,9.731453096259962,-0.5493562231759657,1.137952176578786,-0.42391304347826086,1.1676767676767676,-0.44710578842315374,-0.9128257909608872,-0.7466708923669342,0.024337383384894044
9.76175968730298,-0.5031168958570962,1.3696948616493982,9.888412017167381,-0.3531575720416922,1.2949110974862048,-0.4173913043478261,1.1494949494949496,-0.4850299401197605,-0.7222972532953964,0.05635553901947367,-0.14486828221989775
9.664835639776346,-0.464099540003727,1.3450194091904968,9.809932556713672,-0.3531575720416922,1.2164316370324952,-0.42391304347826086,1.1616161616161615,-0.471057884231537,0.3015609357159104,0.8751695155372858,-1.4174642785586802
9.713849319830237,-0.4765593547628182,1.309240369530192,9.731453096259962,-0.39239730226854685,1.2164316370324952,-0.4173913043478261,1.1535353535353536,-0.44710578842315374,-0.9898448319388429,0.8374192034610601,-1.5870597265855546
9.726396322849443,-0.40437940007369205,1.3462322174205281,9.809932556713672,-0.39239730226854685,1.1771919068056407,-0.4173913043478261,1.1454545454545455,-0.4451097804391218,-0.6939586067829892,0.6419575189294857,-0.9664444443504211
9.726521311780191,-0.41609277641520104,1.3220199480042518,9.770692826486817,-0.27467811158798283,1.1771919068056407,-0.42391304347826086,1.1555555555555554,-0.4670658682634731,-0.7456826892009646,1.1676450644469798,-0.5248625647429714
9.738954119766444,-0.3919585020889495,1.3223856188273768,9.809932556713672,-0.27467811158798283,1.137952176578786,-0.4173913043478261,1.1494949494949496,-0.44311377245508987,-1.003923466243241,1.206478154740203,-0.294143274843271
9.787232977692753,-0.41780073818512414,1.3467063705878468,9.888412017167381,-0.27467811158798283,1.1771919068056407,-0.41956521739130437,1.1474747474747475,-0.46906187624750506,-1.478655168117325,0.5962336716239397,0.4254329395138729
9.763341367811535,-0.41635456147917793,1.2982891451717569,9.966891477621092,-0.39239730226854685,1.1771919068056407,-0.42391304347826086,1.1717171717171717,-0.46906187624750506,-0.758952646834028,0.6758162464318122,0.17488990669647717
9.775045830008882,-0.4414581425126401,1.3222515395255643,9.849172286940528,-0.47087676272225626,1.0987124463519313,-0.41956521739130437,1.1434343434343435,-0.44910179640718567,-0.691486151555824,1.1922080194307885,0.2654699945954062
9.861489399290946,-0.4290839446571159,1.2268541750282655,9.966891477621092,-0.39239730226854685,1.020232985898222,-0.4217391304347826,1.1535353535353536,-0.47504990019960086,-0.1533483680579354,1.8519258040684246,-0.3026490258251241
9.752128226218947,-0.39029724044824476,1.2261484303396344,9.809932556713672,-0.3139178418148375,1.0987124463519313,-0.42391304347826086,1.1676767676767676,-0.471057884231537,1.0636939288706555,2.41615587650469,-0.4212833271214062
9.801374613897865,-0.33056931716334004,1.239286366220357,9.849172286940528,-0.19619865113427343,1.137952176578786,-0.4152173913043478,1.1575757575757575,-0.4451097804391218,1.3870356230549803,2.778806093615803,-0.6830718771430974
9.850142633649378,-0.3435060019211668,1.2275964867992095,9.927651747394236,-0.23543838136112813,1.137952176578786,-0.4260869565217391,1.1515151515151516,-0.46906187624750506,1.3487401944378146,3.2646651437744967,-0.3937155388265075
9.812954087164465,-0.3439595218552932,1.2874610299904408,9.966891477621092,-0.23543838136112813,1.0594727161250765,-0.4173913043478261,1.1636363636363636,-0.45708582834331346,1.2587696499037193,2.7157712115390917,0.3676404403830921
9.824656390582254,-0.3571112915478786,1.3235911136409457,9.927651747394236,-0.3139178418148375,1.1771919068056407,-0.40652173913043477,1.1616161616161615,-0.44111776447105794,1.5108606896241317,2.6234382779986145,1.1103666782748614
9.750783570894535,-0.4287754594639206,1.3221357437649082,9.849172286940528,-0.3139178418148375,1.1771919068056407,-0.41304347826086957,1.1454545454545455,-0.4730538922155689,2.5950037150572025,3.28483144543553,1.4189168830015193
9.68923152293967,-0.5363028447574625,1.2722521783480867,9.770692826486817,-0.39239730226854685,1.0987124463519313,-0.4260869565217391,1.1676767676767676,-0.4730538922155689,2.242111061589675,3.3256020079030186,1.3920275585856243
9.762134654095222,-0.5382570248816231,1.2970580534005693,9.809932556713672,-0.39239730226854685,1.2164316370324952,-0.4173913043478261,1.1636363636363636,-0.44710578842315374,0.3763702958630081,2.153934942478536,1.7148674757485944
9.810286364311228,-0.540434073295412,1.3577587638740132,9.966891477621092,-0.510116492949111,1.2164316370324952,-0.4217391304347826,1.1535353535353536,-0.48702594810379246,0.1970546396542421,1.211153627403686,1.610196753983686
9.713114497702659,-0.48994177609990164,1.369340160950967,9.849172286940528,-0.4316370324954016,1.2164316370324952,-0.41956521739130437,1.1656565656565656,-0.4770459081836328,1.0120277033294016,0.8347635034716254,0.5982447419781128
9.725792965991287,-0.4653306317749146,1.3456166715349342,9.770692826486817,-0.3139178418148375,1.25567136725935,-0.4173913043478261,1.1616161616161615,-0.44710578842315374,0.5857624378775257,0.10307232161486948,0.14623363037407647
9.67738696035467,-0.4158232079963543,1.357675878487438,9.770692826486817,-0.3531575720416922,1.2164316370324952,-0.4260869565217391,1.1535353535353536,-0.4990019960079841,0.2184483522458342,-0.28063539608480415,0.6365987864395188
9.65312901879944,-0.4270441476293882,1.333224704133387,9.731453096259962,-0.39239730226854685,1.137952176578786,-0.4108695652173913,1.1717171717171717,-0.45508982035928147,0.3777713000225313,0.15196718900360176,0.7870968117146038
9.725917954922036,-0.47704400811642356,1.3214044021186582,9.770692826486817,-0.3139178418148375,1.1771919068056407,-0.41304347826086957,1.1414141414141414,-0.4970059880239522,-0.8361183083797605,0.5114025150939187,0.2973345671142159
9.714207016386013,-0.41608499306033125,1.3339450756549431,9.809932556713672,-0.3531575720416922,1.2164316370324952,-0.42391304347826086,1.1434343434343435,-0.48702594810379246,-0.3526360993717286,-0.10087184263983784,0.14040849027128385
9.690433919096868,-0.39049675867326383,1.2978186487126693,9.770692826486817,-0.3139178418148375,1.2164316370324952,-0.4173913043478261,1.1373737373737374,-0.5269461077844312,-0.49187133336399524,-0.2267219691061209,0.15700996808649167
9.776377532655943,-0.33126905545170393,1.2992703618804757,9.888412017167381,-0.19619865113427343,1.137952176578786,-0.4217391304347826,1.1676767676767676,-0.4510978043912176,-1.012390876941646,0.05546990128701264,0.01012390876941646
9.752604435366795,-0.30568082106463657,1.263143934938202,9.770692826486817,-0.23543838136112813,1.0987124463519313,-0.4217391304347826,1.1494949494949496,-0.4730538922155689,-0.5115459203677434,-0.0510929796089444,-0.45115830505487775
9.740527165156767,-0.25738892234752436,1.2996506595365256,9.809932556713672,-0.19619865113427343,1.137952176578786,-0.42391304347826086,1.1575757575757575,-0.48103792415169666,-1.1385518691569538,-0.3585812236973852,0.0874311460679954
9.716025722078715,-0.28103854332017053,1.2871209561249344,9.809932556713672,-0.15695892090741875,1.1771919068056407,-0.41956521739130437,1.1656565656565656,-0.45309381237524954,-0.8075651035184666,0.20591494695898538,0.388303787917314
9.776864535701582,-0.30641169277247937,1.2754274199955558,9.849172286940528,-0.15695892090741875,1.137952176578786,-0.41956521739130437,1.1575757575757575,-0.44910179640718567,-0.8385620440710763,0.6764486401649532,1.4228342896422317
