-2.2444882613057255,10.05003450375899,1.5720313660389902,-2.4328632740649905,9.692213366033108,1.4518700183936235,0.7,-0.25252525252525254,0.2974051896207585,-2.3915350203427126,3.6804625007856884,-7.991293775271859
-2.2199781831094434,10.025876879368129,1.5358903122637912,-2.4328632740649905,9.652973635806253,1.4518700183936235,0.6956521739130435,-0.25656565656565655,0.3173652694610779,-3.5394876347117674,3.689697539300691,-9.211753412626265
-2.194983260647078,10.03852842899737,1.48807400590037,-2.393623543838136,9.574494175352545,1.4126302881667687,0.7108695652173913,-0.24444444444444444,0.31337325349301404,-2.793695344631384,2.9588691721123492,-9.112747457200076
-2.220085901803725,9.941975764982624,1.4627610673064873,-2.3543838136112814,9.613733905579398,1.4126302881667687,0.7065217391304348,-0.2383838383838384,0.33133732534930144,-2.7219970636255186,2.2875167916276746,-8.946164059781996
-2.1713157232726563,9.91708726888392,1.4389034985886422,-2.4721030042918453,9.45677498467198,1.2949110974862048,0.6956521739130435,-0.2505050505050505,0.2954091816367266,-3.3596775089428648,3.101383961928276,-9.061460259131103
-2.0746222245914945,9.79393036364568,1.4024942862098184,-2.393623543838136,9.417535254445125,1.2949110974862048,0.7086956521739131,-0.22626262626262628,0.3093812375249501,-3.2219236138613865,2.5619751177669468,-8.560936657397509
-2.111681464586542,9.75785984468829,1.4138111813913783,-2.3543838136112814,9.417535254445125,1.2949110974862048,0.7065217391304348,-0.2505050505050505,0.2714570858283433,-1.483050540914866,1.667164885287809,-7.224713220826593
-2.0869300436469973,9.758082712977918,1.3779163459704171,-2.3543838136112814,9.339055793991415,1.3341508277130594,0.7195652173913043,-0.2383838383838384,0.33732534930139724,0.26280456071486735,0.6505368220245961,-6.6033885018809135
-2.076193111202259,9.647408972563376,1.4130615562039721,-2.275904353157572,9.299816063764561,1.2949110974862048,0.7065217391304348,-0.23636363636363636,0.29940119760479045,1.4293908213901367,-0.1999670714602237,-5.748134212396412
-2.258562975344534,9.592296931170027,1.3022530022088568,-2.5113427345187,9.103617412630287,1.137952176578786,0.7086956521739131,-0.23434343434343435,0.3233532934131737,-1.432064344811425,-0.04378708651524571,-5.019899888871277
-2.1854141838866044,9.590819621044602,1.302969717022182,-2.4328632740649905,9.103617412630287,1.137952176578786,0.7065217391304348,-0.2404040404040404,0.31337325349301404,-5.439555835834816,0.7835566880233686,-4.447505582326063
-2.0628875394803323,9.601501423839942,1.2561090304098605,-2.3151440833844266,9.142857142857142,1.0594727161250765,0.7108695652173913,-0.23636363636363636,0.27544910179640725,-7.1708961619950005,1.4419215144371509,-3.259089517467503
-2.0022943861598432,9.575651404388898,1.2685046545196395,-2.1974248927038627,9.182096873083998,1.137952176578786,0.7282608695652174,-0.2404040404040404,0.32135728542914177,-4.8046303519570115,0.6499362165507967,-2.2181133922979206
-1.9037864993450957,9.611444571572571,1.209606701204202,-2.158185162477008,9.103617412630287,1.0987124463519313,0.7217391304347827,-0.2505050505050505,0.3033932135728543,-0.6649091415272993,-0.02334317872145361,-2.0009554713223703
-2.073488689096532,9.640702731208592,1.1359131042765418,-2.158185162477008,9.182096873083998,0.9809932556713672,0.7086956521739131,-0.23030303030303031,0.30538922155688625,4.030851317543363,-0.8765557113495208,-1.2570385511982474
-2.1949292911581226,9.739733145475451,1.1838817734829319,-2.4328632740649905,9.221336603310851,1.0594727161250765,0.7152173913043478,-0.23232323232323232,0.33133732534930144,1.9858987162619277,-0.23017378976231295,-0.7194787590257371
-2.1206836634577204,9.788208995707844,1.124868024406838,-2.393623543838136,9.260576333537706,0.9025137952176578,0.7217391304347827,-0.2404040404040404,0.3013972055888224,-3.567107386354464,0.7681413851225872,0.15734407766582603
-1.950011785174118,9.832569184112026,1.1752111161580534,-2.275904353157572,9.339055793991415,1.0594727161250765,0.7108695652173913,-0.2202020202020202,0.3013972055888224,-6.9240233909910565,2.116878423142409,0.7992782567235989
-1.8530834200883681,9.769648205576903,1.1755511900235596,-2.0797057020232983,9.37829552421827,1.020232985898222,0.7195652173913043,-0.22424242424242424,0.32534930139720564,-5.909641981264148,2.42778208593769,0.6218340623981929
-1.9374561470366776,9.856941893437645,1.1635322068615996,-2.1974248927038627,9.339055793991415,1.020232985898222,0.7217391304347827,-0.23434343434343435,0.29940119760479045,-4.250018317166725,2.376892592333945,0.8637929588370665
-1.9361309207282922,10.00298641452121,1.1770540971066035,-2.2366646229307174,9.53525444512569,1.0594727161250765,0.7217391304347827,-0.23030303030303031,0.29341317365269465,-5.492893828796603,2.481431056786567,0.8001760865769395
-1.8995586837788854,10.014199570799375,1.1895801438099636,-2.118945432250153,9.45677498467198,1.020232985898222,0.7239130434782609,-0.22424242424242424,0.3233532934131737,-5.910406538705708,2.8824358315690257,1.6256439893414296
-1.9001749933143908,10.024959207143413,1.261970733704555,-2.158185162477008,9.613733905579398,1.137952176578786,0.7195652173913043,-0.23434343434343435,0.32534930139720564,-5.874563736155532,3.1082622971203318,1.914258945346346
-1.8511569957013845,9.988595769702568,1.2018563154508548,-2.040465971796444,9.45677498467198,0.9809932556713672,0.717391304347826,-0.21212121212121213,0.3173652694610779,-6.321820526202818,2.542166180021097,0.7324197261745757
-1.8392155083198916,10.011776304031349,1.2504003067522949,-2.001226241569589,9.45677498467198,1.0594727161250765,0.7108695652173913,-0.2222222222222222,0.29940119760479045,-6.465196583674787,2.793066822064491,-0.04181191249024833
-1.8390883606095856,9.988111116348962,1.214020348039321,-2.158185162477008,9.53525444512569,1.137952176578786,0.717391304347826,-0.21818181818181817,0.283433133732535,-5.814554682684196,2.987703705888027,-1.173793616671257
-1.8400515728030775,9.87863733428613,1.2008677853256735,-2.118945432250153,9.45677498467198,1.020232985898222,0.7108695652173913,-0.23232323232323232,0.2974051896207585,-5.015387465110085,3.0813983400071168,-1.1665761633717129
-1.8150523327815953,9.867385261233618,1.1287161003688573,-1.9227467811158798,9.339055793991415,0.9025137952176578,0.7195652173913043,-0.20404040404040405,0.32534930139720564,-4.89062076387473,2.003596513059263,-1.4263789634639144
-1.9007675562747564,9.904248918737807,1.2005167413354734,-2.118945432250153,9.417535254445125,1.0987124463519313,0.7239130434782609,-0.2222222222222222,0.2974051896207585,-3.739549756879326,1.6078144055155674,-1.0424524111764542
-1.827739436188458,9.890581362272139,1.2011103469716797,-2.001226241569589,9.496014714898834,1.0987124463519313,0.7217391304347827,-0.21616161616161617,0.3013972055888224,-3.498542554937891,1.578089517296511,-1.470717996503853
-1.8029858564693548,9.87885241922089,1.153047822254021,-1.9619865113427344,9.417535254445125,1.020232985898222,0.7304347826086957,-0.21616161616161617,0.33133732534930144,-3.8750517178084714,1.2177479044032453,-1.9232266691337025
-1.8886881272851666,9.84400520867982,1.1518423274404521,-2.118945432250153,9.339055793991415,1.020232985898222,0.7239130434782609,-0.2222222222222222,0.3033932135728543,-2.374490533074825,0.6082140169344339,-1.6796771479011912
-1.900636091005334,9.856680108373668,1.1398014040291047,-2.0797057020232983,9.45677498467198,0.9809932556713672,0.7195652173913043,-0.19393939393939394,0.3173652694610779,-3.379390187458783,0.242980680892053,-2.0346471627641955
-1.8265219285743544,9.952724768970198,1.1415029922593798,-1.9619865113427344,9.574494175352545,1.0594727161250765,0.7195652173913043,-0.2101010101010101,0.29940119760479045,-5.449201863709613,0.7746278326614986,-2.3333406809826758
-1.741058841722247,9.951239675489903,1.1302945794220134,-2.001226241569589,9.45677498467198,0.9809932556713672,0.7239130434782609,-0.2080808080808081,0.29341317365269465,-5.739576589095825,1.3996216053526669,-2.8323380744132245
-1.839198238083426,9.916161813304335,1.1530587923787146,-2.040465971796444,9.45677498467198,1.020232985898222,0.7282608695652174,-0.1919191919191919,0.2954091816367266,-5.051793586594858,0.582308797234552,-3.843018185807056
-1.802020485496305,9.976374389942844,1.154032695670971,-2.040465971796444,9.496014714898834,0.9417535254445125,0.7434782608695653,-0.20606060606060606,0.3033932135728543,-3.9538989386613848,0.7354746845476696,-4.720917284377646
-1.862365819734857,9.990749468051748,1.1053802220253373,-2.0797057020232983,9.496014714898834,0.9417535254445125,0.7260869565217392,-0.2101010101010101,0.2914171656686627,-2.7597114462699777,-0.14950234363911752,-5.67582493876924
-1.8020161679371882,9.95247076726109,1.129697317077576,-2.001226241569589,9.574494175352545,0.9809932556713672,0.7260869565217392,-0.1898989898989899,0.29341317365269465,-2.0492851411437023,-0.9520067702691122,-5.971902585850921
-1.7170400841307225,9.926128311101571,1.1423318461251297,-1.9227467811158798,9.45677498467198,0.9417535254445125,0.7434782608695653,-0.1919191919191919,0.31536926147704597,-3.7467834072306463,-0.4936421030050302,-7.338958021441002
-1.6919266490762839,9.962921918411933,1.1068063382355247,-1.883507050889025,9.53525444512569,0.9025137952176578,0.7347826086956522,-0.2,0.2974051896207585,-2.8284814741414976,-0.04981100673348027,-8.047760812635012
-1.7037453063065873,9.93997981908252,1.046217766814506,-1.9227467811158798,9.496014714898834,0.8240343347639485,0.7282608695652174,-0.2080808080808081,0.25548902195608786,-2.2500557345455996,-1.257226392051825,-8.859628720221083
-1.677778536532497,10.014297905411087,0.9628832659779423,-1.883507050889025,9.613733905579398,0.9025137952176578,0.7456521739130435,-0.19797979797979798,0.31337325349301404,-2.6836350165432377,-1.4440280849995304,-9.053011558579817
-1.7259280879689445,10.004523142484,0.8900148662078009,-1.9619865113427344,9.53525444512569,0.7063151440833844,0.7434782608695653,-0.19797979797979798,0.27345309381237526,-3.569827548932615,-1.9897828583527224,-8.10118385378824
-1.6286420263274173,10.002076525651365,0.9150596461980585,-1.8050275904353157,9.613733905579398,0.7847946045370937,0.7369565217391304,-0.18383838383838383,0.283433133732535,-4.10371205549569,-1.995993534610435,-7.761244248266337
-1.566829206613266,10.026418101557505,0.8556802262988397,-1.8050275904353157,9.53525444512569,0.7063151440833844,0.7369565217391304,-0.20606060606060606,0.2634730538922156,-4.241121158021822,-2.410695142882382,-7.2731781420319495
-1.5665835463108873,10.02689497155624,0.8315910660596821,-1.765787860208461,9.53525444512569,0.6670754138565297,0.7456521739130435,-0.19797979797979798,0.27544910179640725,-4.200207382702542,-2.3469222116054405,-6.315412374842177
-1.5183046883845757,10.001052735460066,0.8559118178201522,-1.6873083997547516,9.496014714898834,0.6670754138565297,0.7347826086956522,-0.18787878787878787,0.27345309381237526,-4.934312826305824,-2.1951395016268505,-6.201607442079148
-1.5918176527369574,9.977911117905634,0.8669934647721684,-1.8050275904353157,9.417535254445125,0.627835683629675,0.7478260869565218,-0.18181818181818182,0.2954091816367266,-5.295004142549426,-1.794831049021295,-5.832981517509867
-1.5786435462844532,9.979572379546338,0.7707562762844259,-1.7265481299816063,9.496014714898834,0.627835683629675,0.7521739130434782,-0.1919191919191919,0.26746506986027946,-4.868508790267456,-2.4837935471658095,-5.4722274596258424
-1.5545105936599721,10.002506695520882,0.8194197200547535,-1.8050275904353157,9.53525444512569,0.6670754138565297,0.7434782608695653,-0.1898989898989899,0.2974051896207585,-5.042814183159529,-2.0749896575954283,-4.892537637636085
-1.5178025738820269,9.942247418753153,0.7468950508583495,-1.765787860208461,9.496014714898834,0.627835683629675,0.7521739130434782,-0.19797979797979798,0.2854291417165669,-6.201300978945871,-1.5399335657399886,-4.622397636598374
-1.4330656740392653,9.879572658572268,0.7471156722549683,-1.6873083997547516,9.299816063764561,0.5493562231759657,0.7521739130434782,-0.18787878787878787,0.23952095808383236,-6.224409227428598,-1.0701240470667777,-4.333193170083129
-1.4206307072734563,9.891755121557644,0.7353136537813958,-1.5695892090741874,9.417535254445125,0.6670754138565297,0.7478260869565218,-0.19797979797979798,0.22355289421157687,-5.388668688188139,-1.3315361260250174,-3.3833756705325677
-1.4442788156318542,9.9056299796032,0.6749749574228457,-1.6873083997547516,9.45677498467198,0.510116492949111,0.7478260869565218,-0.1919191919191919,0.2634730538922156,-4.4694120581654255,-1.1572448008344585,-3.7271689972890685
-1.3829594753020191,9.940969626852747,0.6759415472986395,-1.5695892090741874,9.496014714898834,0.4316370324954016,0.7478260869565218,-0.1919191919191919,0.2255489021956088,-4.817120223667307,-0.826110479052031,-3.525973284455343
-1.4077044199028896,9.904891324540488,0.6753333148295083,-1.6088289393010422,9.417535254445125,0.5493562231759657,0.75,-0.1717171717171717,0.28143712574850305,-4.760917495968415,-0.37277157466326616,-2.96379766914678
-1.3703973608259044,9.929486902155736,0.6277595701120933,-1.491109748620478,9.417535254445125,0.510116492949111,0.7565217391304347,-0.18383838383838383,0.28742514970059885,-4.560184512478043,-0.23620918781392536,-2.981014124456969
-1.297134374335018,9.976055272393186,0.6651024619926297,-1.491109748620478,9.45677498467198,0.5493562231759657,0.7565217391304347,-0.18383838383838383,0.23353293413173656,-4.155674396108987,-0.05407629614759635,-2.6200402142138155
-1.3215065109232038,9.916788652397276,0.6040251105713671,-1.491109748620478,9.417535254445125,0.4316370324954016,0.75,-0.17777777777777778,0.2854291417165669,-3.5614994767600465,0.3896294130121571,-3.5081112409738444
-1.3452817669919073,9.95432869812522,0.5800663729257908,-1.5695892090741874,9.53525444512569,0.5493562231759657,0.7608695652173914,-0.17777777777777778,0.283433133732535,-3.407290430453516,1.404645490016593,-2.9164974379007886
-1.3699060402211465,9.930440642153206,0.5795812496337782,-1.5303494788473329,9.45677498467198,0.39239730226854685,0.7565217391304347,-0.18181818181818182,0.25548902195608786,-3.0236209711463657,1.1895149404051446,-2.7074063758398674
-1.3820975054641347,9.930686860507445,0.5794617971648908,-1.6088289393010422,9.45677498467198,0.39239730226854685,0.7608695652173914,-0.16565656565656567,0.2634730538922156,-2.6739094681664235,0.6937153883967111,-2.5436031106415298
-1.3938041264410397,9.967742252881783,0.5676670921077808,-1.6088289393010422,9.53525444512569,0.3139178418148375,0.7586956521739131,-0.18787878787878787,0.2355289421157685,-2.245573388891262,0.35614437706949287,-2.3501678402555743
-1.3443099196801827,10.015995234824548,0.5445481784526482,-1.491109748620478,9.574494175352545,0.3139178418148375,0.7608695652173914,-0.1797979797979798,0.23952095808383236,-2.2571132821519835,0.35673093191327987,-1.969824304440838
-1.3924702650144212,10.065979528601844,0.5325182251659946,-1.648068669527897,9.574494175352545,0.39239730226854685,0.7608695652173914,-0.16363636363636364,0.283433133732535,-0.6913846368852131,0.41389048947012075,-2.015899841844076
-1.3321292483349856,10.075508073174694,0.6055060774050234,-1.4518700183936235,9.574494175352545,0.47087676272225626,0.7608695652173914,-0.17575757575757575,0.26746506986027946,-0.9020331358262605,0.34911392939554886,-1.52710134164554
-1.2948178716988838,10.076200028108188,0.5335969540942134,-1.4518700183936235,9.613733905579398,0.39239730226854685,0.7565217391304347,-0.18383838383838383,0.24750499001996012,2.1903844156137504,-0.8717913131846701,-2.653082551380472
-1.429044660743386,10.066718183664555,0.532159867759332,-1.648068669527897,9.574494175352545,0.4316370324954016,0.7521739130434782,-0.16363636363636364,0.27544910179640725,4.948226886872951,-1.2237877702616045,-2.8023339798953457
-1.5256066941551256,10.142306278538658,0.507853742831787,-1.7265481299816063,9.692213366033108,0.3139178418148375,0.7630434782608696,-0.1717171717171717,0.27345309381237526,3.3499746523842955,-1.0835645155558058,-3.136161343482018
-1.3908972196240985,10.200549108343269,0.5097832658751433,-1.6873083997547516,9.692213366033108,0.3531575720416922,0.7608695652173914,-0.17373737373737375,0.23353293413173656,-1.215338099516407,-0.19367014551868572,-3.151344717864152
-1.318722434257452,10.149357072859395,0.5581858644583084,-1.5695892090741874,9.652973635806253,0.4316370324954016,0.7630434782608696,-0.16363636363636364,0.26746506986027946,-2.472092744064739,0.4835911657980402,-3.6406783121030792
-1.3549261807532902,10.138859221579335,0.509526077396212,-1.5695892090741874,9.574494175352545,0.3139178418148375,0.7652173913043478,-0.18383838383838383,0.24950099800399206,-1.4742194951683318,0.19294332172949596,-4.867387082614856
-1.3304182613365658,10.12665340852935,0.4855527129177108,-1.491109748620478,9.613733905579398,0.3139178418148375,0.7652173913043478,-0.18181818181818182,0.24750499001996012,0.01734338992396152,-0.19103522769992215,-5.749222863557035
-1.3914962589231383,10.115694253960292,0.4848323413961545,-1.5303494788473329,9.692213366033108,0.27467811158798283,0.7478260869565218,-0.1919191919191919,0.16766467065868265,1.0339571622175932,-0.8876098918316204,-6.230871891013812
-1.4521949721583516,10.045691347684954,0.38713978303237434,-1.648068669527897,9.574494175352545,0.23543838136112813,0.7586956521739131,-0.18181818181818182,0.23153692614770463,2.7322032667361777,-1.2851901067494043,-6.384736481336564
-1.3914703535684398,9.972272517869772,0.3388200698357843,-1.648068669527897,9.45677498467198,0.11771919068056406,0.7586956521739131,-0.16363636363636364,0.23752495009980043,1.7069320730394184,-1.3327711533422535,-6.0246738834680365
-1.3781842108625375,10.033931271214227,0.29137674771195055,-1.5303494788473329,9.53525444512569,0.19619865113427343,0.7565217391304347,-0.18787878787878787,0.2415169660678643,0.8537193141409518,-1.421920731201464,-5.3013128585406495
-1.4514623088103313,10.071025580362916,0.33920768090829684,-1.6088289393010422,9.574494175352545,0.15695892090741875,0.7717391304347826,-0.16565656565656567,0.2594810379241517,-0.543952466437811,-1.1615918292632974,-4.116233479137903
-1.4035454649989134,10.008612605246007,0.36315910513741056,-1.6088289393010422,9.53525444512569,0.11771919068056406,0.7608695652173914,-0.17373737373737375,0.2255489021956088,-1.003447163796301,-1.0072375082660932,-4.172475034065459
-1.427428439761899,9.962251536588447,0.26607112253453047,-1.6088289393010422,9.574494175352545,0.07847946045370938,0.7586956521739131,-0.17575757575757575,0.24950099800399206,-2.090875106657712,-0.7816274859616797,-4.161600754636845
-1.4031683394271122,9.961520664880604,0.27835460759188424,-1.6088289393010422,9.496014714898834,0.07847946045370938,0.7760869565217391,-0.18383838383838383,0.24550898203592816,-2.387524956300977,-1.3013191563780535,-4.143425130665128
-1.476801975151125,9.926188800985926,0.28931314536678165,-1.7265481299816063,9.417535254445125,0.07847946045370938,0.7695652173913043,-0.17777777777777778,0.22754491017964074,-1.2479468707608286,-1.5093075531099744,-3.5616650179844074
-1.4776445159729854,9.828905265263339,0.27628369183025286,-1.7265481299816063,9.37829552421827,0.03923973022685469,0.7695652173913043,-0.1616161616161616,0.24351297405189623,0.04194126738760632,-1.6993809953370547,-3.3160087662860436
-1.5505411707898615,9.79500401136487,0.21497474888767773,-1.7265481299816063,9.37829552421827,0.0,0.7673913043478261,-0.1797979797979798,0.2355289421157685,0.7959817664075572,-2.1528345035894825,-2.6695567758389807
-1.5979839642329872,9.953985217206263,0.24018651855382905,-1.8442673206621703,9.45677498467198,0.11771919068056406,0.7630434782608696,-0.16767676767676767,0.22355289421157687,-0.7398648646676106,-1.866679398270617,-1.5135138988818413
-1.4999717155821142,10.012728267074218,0.25380226431010167,-1.6873083997547516,9.496014714898834,0.03923973022685469,0.7673913043478261,-0.17777777777777778,0.2035928143712575,-2.2155464698921032,-2.2342148599099994,-1.3618749535520296
-1.401720282967537,10.107803620963539,0.2798319177173093,-1.6088289393010422,9.574494175352545,0.03923973022685469,0.7695652173913043,-0.18181818181818182,0.21157684630738527,-1.835035608123955,-1.6409637204991148,-0.7421059176830191
-1.3654088177774168,10.202202586629104,0.4016209497367095,-1.5303494788473329,9.731453096259962,0.19619865113427343,0.7652173913043478,-0.1696969696969697,0.20758483033932137,-1.9038875790804752,-0.6849518719794814,-0.9087177782015906
-1.3038459759247611,10.249970915218263,0.3906660686700433,-1.491109748620478,9.731453096259962,0.23543838136112813,0.7673913043478261,-0.1696969696969697,0.23952095808383236,-2.554551303926823,-0.39387708813473954,-1.7995495439949525
-1.2058250921556553,10.260906719722708,0.35561105723952585,-1.4518700183936235,9.770692826486817,0.11771919068056406,0.7673913043478261,-0.1919191919191919,0.23153692614770463,-2.2673285379740813,-0.19341391312093403,-2.4412050416164575
-1.3276147556547904,10.251655526923576,0.3302042631343745,-1.5303494788473329,9.809932556713672,0.15695892090741875,0.7673913043478261,-0.17777777777777778,0.2135728542914172,-1.6592705713895666,-0.30683045449461827,-2.9187685110161423
-1.2905576744393004,10.299677857221841,0.33105505724951206,-1.5303494788473329,9.849172286940528,0.11771919068056406,0.7673913043478261,-0.16363636363636364,0.24351297405189623,-4.163157918819713,-0.19413838343585887,-3.228330397998115
-1.2178958860270124,10.273343184417191,0.3556147139477571,-1.4518700183936235,9.770692826486817,0.11771919068056406,0.7586956521739131,-0.18383838383838383,0.2095808383233533,-5.41636419616381,0.6554856262728267,-3.5351899702056624
-1.1334068052661879,10.222143365578448,0.3920921848802309,-1.2949110974862048,9.692213366033108,0.11771919068056406,0.7717391304347826,-0.15757575757575756,0.2135728542914172,-5.511675072255607,0.9413264277274129,-4.1426018804561515
-1.1444971167075875,10.24843912160875,0.3079068899285296,-1.2949110974862048,9.809932556713672,0.19619865113427343,0.7608695652173914,-0.16565656565656567,0.19960079840319364,-4.397216530097774,0.7446450699543908,-4.549183728235144
-1.168140907506869,10.238410356972555,0.22323281497658448,-1.3733905579399142,9.888412017167381,0.03923973022685469,0.7804347826086957,-0.17575757575757575,0.2135728542914172,-3.4535788332304462,0.8653948248743686,-5.4711676337209285
-1.1062138927597613,10.310797613241569,0.20047957214457707,-1.2949110974862048,9.809932556713672,0.0,0.7695652173913043,-0.1595959595959596,0.21556886227544914,-3.8705689442667315,1.5936312277557767,-6.455590888504101
-1.1177955248059186,10.336139629274397,0.16447259767119077,-1.3341508277130594,9.888412017167381,-0.03923973022685469,0.7760869565217391,-0.15555555555555556,0.23752495009980043,-4.238042787807601,2.3194214067303673,-7.09069942003067
-1.0202616440824543,10.322218071099622,0.15326052812559332,-1.2949110974862048,9.770692826486817,0.0,0.7804347826086957,-0.16363636363636364,0.2295409181636727,-3.365152589329695,2.8263831747233636,-7.799048093878566
-0.9582096404045989,10.382891951027128,0.1062950158773096,-1.137952176578786,9.966891477621092,-0.07847946045370938,0.7782608695652175,-0.1616161616161616,0.187624750499002,-0.5472009544009592,2.1801283853591595,-9.3177219068058
-1.0803548416799529,10.30121458518463,0.04401582635070942,-1.3341508277130594,9.809932556713672,-0.19619865113427343,0.7934782608695652,-0.16565656565656567,0.21157684630738527,4.664795057081112,1.4235679322652788,-10.769081410646857
-1.2869891237161313,10.270737038180876,-0.054740834108364556,-1.5303494788473329,9.888412017167381,-0.19619865113427343,0.7869565217391304,-0.17575757575757575,0.20159680638722557,6.80505641097148,1.647026375824078,-11.855122807455722
-1.3719500960656896,10.21341681495426,-0.15254918823280098,-1.5695892090741874,9.809932556713672,-0.39239730226854685,0.7847826086956522,-0.15353535353535352,0.21157684630738527,5.910356992063875,2.121220315242892,-12.77393246725904
-1.4830049858996444,10.10544369308146,-0.13064308280769987,-1.6873083997547516,9.652973635806253,-0.3139178418148375,0.7760869565217391,-0.16565656565656567,0.1816367265469062,3.251736004758799,2.6393123650778456,-12.078144736473444
-1.3980073142975964,9.959583123513173,-0.23968544672712122,-1.5695892090741874,9.652973635806253,-0.4316370324954016,0.7869565217391304,-0.17373737373737375,0.18363273453093815,-0.12638979327788852,2.1102039727586286,-11.679344467086235
-1.3603339235466012,9.9968458174674,-0.311225242506575,-1.5695892090741874,9.574494175352545,-0.47087676272225626,0.782608695652174,-0.15555555555555556,0.1976047904191617,-1.5307275295203666,0.822943627475257,-11.148190823564113
-1.3971475032392702,9.961252168508748,-0.32399750756417256,-1.7265481299816063,9.613733905579398,-0.5493562231759657,0.7956521739130434,-0.15757575757575756,0.21157684630738527,-2.2340472769083504,0.25372695967092185,-10.30465572494955
-1.3845767536449223,9.901962198448231,-0.42085024193750886,-1.648068669527897,9.53525444512569,-0.6670754138565297,0.782608695652174,-0.17373737373737375,0.16566866267465072,-3.9693022540352683,-0.14741172173755468,-9.983120665672574
-1.2989822015233932,9.852908294603797,-0.49277399208124395,-1.491109748620478,9.45677498467198,-0.745554874310239,0.782608695652174,-0.1595959595959596,0.1816367265469062,-7.578322832177898,0.07557469789948845,-8.867182551145902
-1.1038024038230658,9.885062669957996,-0.46640426480853003,-1.3341508277130594,9.45677498467198,-0.6670754138565297,0.7934782608695652,-0.16363636363636364,0.20558882235528944,-10.825118678514839,0.7804453218359326,-7.313802045154015
-1.1529345964690292,9.873380427035965,-0.44291602362204124,-1.3341508277130594,9.53525444512569,-0.6670754138565297,0.7956521739130434,-0.1696969696969697,0.2035928143712575,-10.078975761940447,0.8743553787552273,-6.469552447703791
-1.0674736683964803,9.883847144896547,-0.44195674716271005,-1.25567136725935,9.417535254445125,-0.627835683629675,0.782608695652174,-0.1717171717171717,0.19161676646706588,-8.815570947784169,1.0903144120583896,-6.20842223729022
-1.0791824481529435,9.93285434861176,-0.44158376292312246,-1.3341508277130594,9.53525444512569,-0.6670754138565297,0.8,-0.14545454545454545,0.18363273453093815,-8.368881133414039,0.5514798901636742,-5.513269363570803
-1.0669996180281878,9.98041537562103,-0.3927935532674449,-1.25567136725935,9.496014714898834,-0.6670754138565297,0.7956521739130434,-0.15555555555555556,0.15968063872255492,-7.226267788861256,0.799139002038366,-5.083630858233061
-1.0063978295894656,9.90675811080648,-0.42906868634445616,-1.2164316370324952,9.45677498467198,-0.745554874310239,0.7934782608695652,-0.13737373737373737,0.17365269461077848,-6.508461856752292,0.8867623246999204,-5.53187355633742
-0.9690821353942476,9.883546443058222,-0.5253131882486614,-1.137952176578786,9.53525444512569,-0.745554874310239,0.8043478260869565,-0.14747474747474748,0.15968063872255492,-5.406151321399138,1.1773786033496596,-6.105634304276504
-0.9436088450044736,9.968862600730192,-0.5483016793102125,-1.137952176578786,9.53525444512569,-0.7847946045370937,0.8021739130434783,-0.15151515151515152,0.16966067864271459,-4.838823757534711,0.576261329287751,-5.563779062804881
-0.9916485189670807,10.031037140847733,-0.5602085234197476,-1.25567136725935,9.53525444512569,-0.7847946045370937,0.7891304347826087,-0.1393939393939394,0.16367265469061879,-3.802799652180092,0.40646540538385856,-4.631173524390747
-0.9670134518400505,9.995166140115364,-0.6205618466112226,-1.2164316370324952,9.613733905579398,-0.8632740649908032,0.8108695652173913,-0.1292929292929293,0.19960079840319364,-3.01583418010894,0.1912087439960938,-4.000259909149482
-1.0165098173804659,9.958864969513476,-0.5852752436593927,-1.2164316370324952,9.574494175352545,-0.8240343347639485,0.8043478260869565,-0.1414141414141414,0.17764471057884235,-1.620227175553478,-0.1399385350280265,-3.786079097065758
-0.9804267422562591,9.957172574453292,-0.536738565774415,-1.2164316370324952,9.53525444512569,-0.745554874310239,0.8021739130434783,-0.1292929292929293,0.1816367265469062,-2.1774441084166725,0.012266899839826817,-2.8679593992200156
-1.017130444475088,9.993528228539267,-0.4885492751714062,-1.1771919068056407,9.53525444512569,-0.745554874310239,0.8152173913043478,-0.13333333333333333,0.19361277445109784,-4.289107409123146,0.8262092107146755,-3.0293522719163732
-0.99140501744426,10.043465822187345,-0.5721299943622076,-1.1771919068056407,9.574494175352545,-0.8240343347639485,0.8108695652173913,-0.13535353535353536,0.15568862275449105,-3.938222136238083,0.34253676486353996,-4.295218539093893
-0.9911658334805558,10.079798126208711,-0.5597160867112725,-1.1771919068056407,9.613733905579398,-0.8632740649908032,0.8021739130434783,-0.14747474747474748,0.14970059880239522,-2.4871576474142425,-0.1865479170451259,-4.4770295642102695
-0.9790907220500825,10.043458038832476,-0.5840551220128988,-1.2164316370324952,9.574494175352545,-0.8632740649908032,0.8108695652173913,-0.13737373737373737,0.18562874251497008,-0.6835431741953598,-0.9579738755885983,-4.464647457991887
-1.0157814715915618,10.00810282487319,-0.6088719671900751,-1.2164316370324952,9.613733905579398,-0.9025137952176578,0.8021739130434783,-0.1414141414141414,0.1536926147704591,-0.19488039153880418,-1.2954850703380818,-4.378279332966741
-0.9412966599274557,10.092910979126948,-0.6554718086152337,-1.0987124463519313,9.652973635806253,-0.9417535254445125,0.7934782608695652,-0.13131313131313133,0.13572854291417166,-1.2966319086363276,-1.1043384199341895,-4.2303796885182
-0.9176399164508249,10.031228875717883,-0.6438038694434738,-1.1771919068056407,9.613733905579398,-0.9025137952176578,0.8065217391304348,-0.12727272727272726,0.18962075848303395,-1.1283901380894323,-1.2234290334771802,-4.171225604322529
-0.966888462909303,9.983452763773855,-0.6447741160274989,-1.2164316370324952,9.53525444512569,-0.9417535254445125,0.808695652173913,-0.14343434343434344,0.16167664670658685,-0.9069104411480838,-1.0640175172860373,-3.6715392606075308
-0.9421435183084328,10.019531066086113,-0.6441658835583675,-1.137952176578786,9.574494175352545,-0.9417535254445125,0.8043478260869565,-0.14545454545454545,0.16766467065868265,-2.481241578590991,-1.05495791965912,-3.0170126792711245
-0.9182432733089813,9.97027764401666,-0.6444194153290675,-1.0987124463519313,9.574494175352545,-0.8240343347639485,0.8043478260869565,-0.1414141414141414,0.17365269461077848,-2.4575104922499653,-0.7792690340093584,-2.454512347548983
-0.8697144375211743,9.921008655237467,-0.66852320240115,-1.0987124463519313,9.45677498467198,-0.9025137952176578,0.8152173913043478,-0.1292929292929293,0.1536926147704591,-2.3184916074408455,-0.9336111224293893,-2.212556528792512
-0.8087527937471166,9.895873940784528,-0.6922613186501076,-1.020232985898222,9.417535254445125,-0.9025137952176578,0.7978260869565218,-0.12323232323232323,0.16367265469061879,-1.3970818341480002,-0.9090029501998386,-2.19135237557487
-0.8691046043243434,9.946104452916058,-0.7044107244056488,-1.137952176578786,9.417535254445125,-0.9025137952176578,0.8152173913043478,-0.13535353535353536,0.15568862275449105,-1.1737799200576389,-1.0540435121450247,-1.2049922388222374
-0.9420163705981269,9.995865878403727,-0.6805458422713413,-1.137952176578786,9.53525444512569,-0.9417535254445125,0.8108695652173913,-0.13737373737373737,0.12175648702594812,-2.6225492884535213,-0.6908610985937005,-0.6277669025527273
-0.8563076234436406,9.994857654922168,-0.7158434153478651,-1.020232985898222,9.574494175352545,-0.9809932556713672,0.8108695652173913,-0.11515151515151516,0.1756487025948104,-3.722365073205491,-0.3517492327368335,-0.4342592390017855
-0.8068090991236673,10.019207014183179,-0.7632977075963926,-0.9809932556713672,9.613733905579398,-1.0594727161250765,0.8130434782608695,-0.12727272727272726,0.16167664670658685,-3.518300071694031,-0.3230163623818467,-0.01044437570891521
-0.7574420400731162,10.091125183808328,-0.7500366625385513,-0.9809932556713672,9.652973635806253,-1.020232985898222,0.8152173913043478,-0.12323232323232323,0.14970059880239522,-3.438188118688039,-0.6396094213429471,0.6427469001982873
-0.794145742291945,10.127480837894304,-0.7018473719355425,-1.020232985898222,9.692213366033108,-0.9417535254445125,0.8108695652173913,-0.1191919191919192,0.17964071856287428,-3.0483374787347666,-0.08446883978282893,0.6996848956998952
-0.793525115197323,10.09281757886851,-0.7985733404235288,-1.0594727161250765,9.692213366033108,-1.0594727161250765,0.8152173913043478,-0.12727272727272726,0.1756487025948104,-2.7777803792515603,0.06022607571980945,-0.017849572633339913
-0.8054730789174906,10.105492478562361,-0.8106142638348763,-1.0594727161250765,9.613733905579398,-1.0987124463519313,0.8152173913043478,-0.12121212121212122,0.14371257485029942,-2.7935667825542816,0.01634729814530103,-0.017691708600312703
-0.6958813570000186,10.150845323738363,-0.7488238543085199,-0.9809932556713672,9.652973635806253,-0.9809932556713672,0.8043478260869565,-0.11515151515151516,0.16367265469061879,-3.6170720094846622,0.14780079393411455,0.38598060602640555
-0.7570778671786642,10.115744111488185,-0.7618350243038926,-0.9809932556713672,9.692213366033108,-1.020232985898222,0.8108695652173913,-0.13737373737373737,0.13772455089820362,-2.6563466289914417,0.2600608658455933,-0.35366467059221496
-0.7448820843765595,10.091594270452193,-0.7860509504284,-0.9025137952176578,9.652973635806253,-1.0594727161250765,0.8130434782608695,-0.13131313131313133,0.14371257485029942,-2.944311657011724,0.5937290804684268,-0.3203667693614417
-0.7198893206937521,10.116197631422311,-0.8216995674951239,-0.9025137952176578,9.613733905579398,-1.0594727161250765,0.8152173913043478,-0.10707070707070707,0.17165668662674652,-2.855164513463302,0.7713012960961955,-0.7927411305307662
-0.7443993988900345,10.140355255813171,-0.785558513719925,-1.020232985898222,9.692213366033108,-1.0987124463519313,0.8173913043478261,-0.13333333333333333,0.1477045908183633,-3.083867135915174,0.9377524011191165,-0.8056632297815327
-0.780853123247368,10.15328415721613,-0.7857937619494688,-0.9809932556713672,9.731453096259962,-1.0594727161250765,0.8130434782608695,-0.10707070707070707,0.14970059880239522,-2.9016376933118377,1.260596221270957,-1.324595790367262
-0.8542454162281183,10.142332786001942,-0.7745890058203339,-1.0594727161250765,9.770692826486817,-0.9809932556713672,0.8,-0.10909090909090909,0.12375249500998006,-2.5227865669951166,1.0502762044958813,-1.6021485601855623
-0.841325605196226,10.191324423007417,-0.7980662768821287,-1.0594727161250765,9.731453096259962,-0.9809932556713672,0.8173913043478261,-0.11515151515151516,0.17764471057884235,-2.9548403908521927,1.1224994585128136,-1.9020105314526952
-0.7804867915733578,10.165951273555109,-0.8097598130115076,-0.9809932556713672,9.731453096259962,-1.020232985898222,0.808695652173913,-0.11717171717171718,0.13373253493013973,-2.8982588322725675,0.7480073434656033,-2.0090402253654873
-0.8049903934309656,10.15425346392334,-0.8101218271264014,-1.020232985898222,9.731453096259962,-1.0594727161250765,0.8130434782608695,-0.1111111111111111,0.17764471057884235,-2.4544320469617045,0.43995155151356347,-1.8309689875151738
-0.7810944659906305,10.12890366453564,-0.7860399803037064,-0.9417535254445125,9.692213366033108,-1.020232985898222,0.8239130434782609,-0.12323232323232323,0.17165668662674652,-2.733557600295662,0.4877552241919837,-2.162778492438108
-0.7927989281879773,10.154007245569103,-0.8100023746575138,-0.9809932556713672,9.652973635806253,-1.0987124463519313,0.8195652173913044,-0.1111111111111111,0.14371257485029942,-3.006243424192117,-0.5834600609449364,-2.26651551252614
-0.7315981004502154,10.165204835137526,-0.8213265832555362,-0.9417535254445125,9.731453096259962,-1.137952176578786,0.8239130434782609,-0.10303030303030303,0.16766467065868265,-3.636881002586556,-0.8130829430690187,-2.1689543838904846
-0.6945323841164928,10.165419920072285,-0.8691465463271888,-0.9025137952176578,9.770692826486817,-1.1771919068056407,0.8108695652173913,-0.12525252525252525,0.13772455089820362,-3.305183418204786,-1.4994894499735993,-2.0810166068825913
-0.6831964123727143,10.13960103404072,-0.809050411614645,-0.9025137952176578,9.692213366033108,-1.0594727161250765,0.8152173913043478,-0.09696969696969697,0.1417165668662675,-3.771975413099119,-1.315683838044979,-1.3615197895952447
-0.6836790978592393,10.090840048679741,-0.80954284832312,-0.9025137952176578,9.692213366033108,-1.0594727161250765,0.8173913043478261,-0.1191919191919192,0.11576846307385232,-3.641075435977256,-0.6406145892099702,-1.2259466600888969
-0.6346783704826984,10.150091101965911,-0.7723157522032399,-0.9025137952176578,9.731453096259962,-1.020232985898222,0.8239130434782609,-0.11515151515151516,0.1417165668662675,-4.271109876886289,-0.7947085659433956,-1.1436006883033807
-0.633945707134678,10.17542533464387,-0.8202478543273174,-0.8632740649908032,9.652973635806253,-1.0594727161250765,0.808695652173913,-0.09898989898989899,0.1317365269461078,-4.160942875568455,-1.8433343413377727,-1.3576301149705512
-0.6349175544464026,10.113758797944545,-0.784729659854175,-0.8632740649908032,9.692213366033108,-1.0594727161250765,0.8152173913043478,-0.10303030303030303,0.16566866267465072,-3.7955282316867875,-2.0450270554153795,-1.452539014261079
-0.5857788854617648,10.089585606843945,-0.8447209689307562,-0.745554874310239,9.652973635806253,-1.0594727161250765,0.8282608695652174,-0.10707070707070707,0.16766467065868265,-3.69077189084757,-1.9477623137927598,-1.818605589076315
-0.5126279352242771,10.076156485377643,-0.8561719434141287,-0.7847946045370937,9.613733905579398,-1.137952176578786,0.8173913043478261,-0.10505050505050505,0.15169660678642716,-4.478840803902928,-2.055788541889299,-2.236580413253747
-0.40277975910663505,10.062227143847997,-0.8793091406104174,-0.627835683629675,9.613733905579398,-1.1771919068056407,0.8239130434782609,-0.09696969696969697,0.15169660678642716,-3.4212947464458363,-2.032746709790431,-2.4144562540564545
-0.30525235472184553,10.08416101969585,-0.8540181422659223,-0.47087676272225626,9.652973635806253,-1.0987124463519313,0.8195652173913044,-0.1111111111111111,0.1317365269461078,0.07424067879210093,-2.2081572151473394,-2.6471302394875407
-0.5856474201923425,10.042016796479805,-0.9054363062371252,-0.7847946045370937,9.574494175352545,-1.1771919068056407,0.8217391304347826,-0.09292929292929293,0.13772455089820362,5.9786883487607785,-3.2098565691817185,-3.679558746605479
-0.7681530671631561,10.058377188132349,-0.9311941443324764,-1.020232985898222,9.613733905579398,-1.1771919068056407,0.8173913043478261,-0.09292929292929293,0.15968063872255492,8.84655988728439,-3.986692572647044,-3.1454998194051638
-0.7805901927085234,10.05814653648785,-0.9072244365622065,-0.9809932556713672,9.613733905579398,-1.2164316370324952,0.8152173913043478,-0.12525252525252525,0.11177644710578843,7.2891655659338745,-3.4232641519933265,-2.886579868587096
-0.7075599138426669,10.032527168681304,-0.9187985202226976,-0.9417535254445125,9.731453096259962,-1.2164316370324952,0.808695652173913,-0.10101010101010101,0.12974051896207586,-1.3766907232495882,-1.1486522579960416,-2.9824308113986833
-0.6092998461098569,10.079795277207117,-0.9414396240022801,-0.8240343347639485,9.574494175352545,-1.1771919068056407,0.8217391304347826,-0.10101010101010101,0.15768463073852299,-2.347624592672094,-1.2020153989801063,-3.322531358636017
-0.6333293975991725,10.164665698299833,-0.8926384442219087,-0.9025137952176578,9.652973635806253,-1.137952176578786,0.8260869565217391,-0.11313131313131314,0.12774451097804393,-2.08931714345146,-0.3836718343730263,-2.8688406688696677
-0.5730939408344605,10.078341317146302,-0.9049475262368812,-0.7847946045370937,9.574494175352545,-1.2164316370324952,0.8173913043478261,-0.10707070707070707,0.10179640718562875,-2.3708993659568125,-0.23174975959425892,-3.550435493032447
-0.49944735243309857,10.041962312995718,-0.9889121997919638,-0.627835683629675,9.574494175352545,-1.25567136725935,0.8326086956521739,-0.10909090909090909,0.14970059880239522,-0.5062130747133035,-0.9438061115656731,-3.629918857846023
-0.46189247427417623,10.055082949268824,-1.0727427940452336,-0.627835683629675,9.53525444512569,-1.3733905579399142,0.8239130434782609,-0.12121212121212122,0.13972055888223556,3.6009777796017097,-2.0287444705369118,-3.1842987511800476
-0.5230889844528218,10.019981737018645,-1.0857539640406064,-0.745554874310239,9.574494175352545,-1.3733905579399142,0.8108695652173913,-0.10303030303030303,0.13373253493013973,6.746795996708324,-2.8952377831473113,-2.394464157685715
-0.6079357617694235,10.010707194154902,-1.1469361410978316,-0.8632740649908032,9.496014714898834,-1.4518700183936235,0.8239130434782609,-0.1191919191919192,0.1536926147704591,7.119690248983596,-2.972469006267321,-1.8658737085734862
-0.692543355122321,10.037764955312525,-1.1957044105041215,-0.9809932556713672,9.53525444512569,-1.491109748620478,0.8239130434782609,-0.12323232323232323,0.11177644710578843,5.352152708249384,-2.78830314856416,-0.7531412989456118
-0.8145873140420676,10.075844137878162,-1.1483512871833255,-1.0594727161250765,9.613733905579398,-1.4126302881667687,0.8195652173913044,-0.13131313131313133,0.11576846307385232,1.3522828027774239,-1.8527169984642824,0.47316918718135126
-0.705353288680373,10.060722621351678,-1.1112655837817202,-0.9417535254445125,9.574494175352545,-1.3733905579399142,0.8260869565217391,-0.10909090909090909,0.1536926147704591,-3.191681159928329,-0.28660401039440647,0.3817266975308422
-0.6687810517309665,10.071935777629841,-1.0987395370783601,-0.9025137952176578,9.53525444512569,-1.3733905579399142,0.8195652173913044,-0.1292929292929293,0.10578842315369263,-4.770594709592907,0.08546131660852599,0.21500632732406597
-0.7179218794951625,10.10806078007132,-1.0265805387050815,-0.9417535254445125,9.53525444512569,-1.2949110974862048,0.8173913043478261,-0.11313131313131314,0.11976047904191618,-4.223234577423558,0.23905065347542642,-0.45966879491017515
-0.7296285004720675,10.145116172445658,-1.0383752437621914,-0.9025137952176578,9.574494175352545,-1.3733905579399142,0.8239130434782609,-0.12525252525252525,0.09980039920159682,-3.8803838880833257,-0.24327909877728449,-0.9954166934385585
-0.6564818677936961,10.15559067366111,-1.025490839652169,-0.9417535254445125,9.731453096259962,-1.25567136725935,0.8282608695652174,-0.11313131313131314,0.1536926147704591,-3.9801850236201224,-0.39130001894196687,-1.6179928265698826
-0.6086835365743514,10.06903564086308,-1.0138302138968713,-0.7847946045370937,9.613733905579398,-1.25567136725935,0.8217391304347826,-0.09898989898989899,0.13373253493013973,-3.0848181761061806,0.03895973397279845,-3.0718134151971133
-0.5234574749063903,10.019266432020542,-1.0496202236818701,-0.745554874310239,9.45677498467198,-1.3733905579399142,0.8217391304347826,-0.10101010101010101,0.14570858283433136,-2.0455230197574497,0.0910399979361734,-3.568898381969726
-0.5957529316446681,10.058268221164171,-1.0981459314421538,-0.7847946045370937,9.574494175352545,-1.3341508277130594,0.8282608695652174,-0.1111111111111111,0.10578842315369263,-1.8442142990015271,0.19392711586151162,-3.494865841800859
-0.4745623074445732,9.98266455958033,-1.0976900618159915,-0.5885959534028203,9.53525444512569,-1.3341508277130594,0.8195652173913044,-0.09494949494949495,0.11377245508982037,-2.465985935443936,0.9574509666869596,-3.5038572509117207
-0.5595383912510389,10.009007015739849,-1.1103245908635453,-0.7847946045370937,9.613733905579398,-1.4126302881667687,0.8195652173913044,-0.10505050505050505,0.12774451097804393,-1.9526501742055877,1.1571276808145465,-3.0222985933149786
-0.534786970311494,10.009229884029477,-1.1462194262845065,-0.7847946045370937,9.496014714898834,-1.4126302881667687,0.8304347826086956,-0.12121212121212122,0.11776447105788425,-2.165952119915566,0.994280289607336,-2.70077393887689
-0.5839234805165736,10.021451263789201,-1.0983958065046227,-0.7063151440833844,9.417535254445125,-1.3733905579399142,0.8239130434782609,-0.09898989898989899,0.1417165668662675,-2.537154260461003,1.4220468562583346,-1.8757691418060365
-0.5467435691498944,10.069712029086835,-1.1095895925090637,-0.7063151440833844,9.574494175352545,-1.3341508277130594,0.8326086956521739,-0.10101010101010101,0.14371257485029942,-3.0703925720503307,1.662971645028601,-1.7183455039372917
-0.5591828534748198,10.081433188783214,-1.0734521954420966,-0.7847946045370937,9.574494175352545,-1.3341508277130594,0.8304347826086956,-0.1111111111111111,0.14371257485029942,-3.201143676334272,2.172691574037874,-1.4889011107651746
-0.5716135026815123,10.045347103116084,-1.085985555561919,-0.745554874310239,9.496014714898834,-1.4126302881667687,0.8173913043478261,-0.09292929292929293,0.125748502994012,-2.9137230710425643,1.9975033989843682,-1.7351213244226544
-0.6079400793285399,10.034610816836656,-1.1226007625044365,-0.8240343347639485,9.417535254445125,-1.4126302881667687,0.8173913043478261,-0.10101010101010101,0.11776447105788425,-2.870803234456815,1.8980857623872782,-1.9484782794425044
-0.54710342448523,10.021189478725224,-1.1221266093371176,-0.7847946045370937,9.574494175352545,-1.4126302881667687,0.8260869565217391,-0.10505050505050505,0.09181636726546907,-2.703003052651888,1.765250109710625,-1.9197380303099831
-0.5218606829409271,10.022366087012323,-1.206199765236394,-0.7063151440833844,9.45677498467198,-1.4518700183936235,0.8260869565217391,-0.08484848484848485,0.1097804391217565,-1.785645864379198,1.3541410031239036,-1.8680751002915694
-0.46040771856211166,9.998185112556854,-1.2781162019636665,-0.627835683629675,9.45677498467198,-1.5695892090741874,0.8369565217391305,-0.09292929292929293,0.13772455089820362,-1.2787987240053575,0.722381238888597,-1.2039420507827603
-0.3987220465582663,10.046191876145379,-1.3011156631499114,-0.6670754138565297,9.53525444512569,-1.648068669527897,0.8304347826086956,-0.09494949494949495,0.08982035928143714,-1.9041802949845223,0.4860922667311382,-0.5741140905862765
-0.3860522133878695,10.118610265833874,-1.276168395379154,-0.627835683629675,9.574494175352545,-1.5695892090741874,0.8347826086956522,-0.08686868686868687,0.14371257485029942,-1.6820298554252617,0.40840224263395725,0.229748055208245
-0.47212945099592407,10.11890318431733,-1.204737081943894,-0.7063151440833844,9.574494175352545,-1.5695892090741874,0.8326086956521739,-0.09494949494949495,0.14570858283433136,-1.537141144505527,0.9475653418635006,0.3651812973766142
-0.4709011494840295,10.121287534311008,-1.3251828831396817,-0.6670754138565297,9.613733905579398,-1.648068669527897,0.8369565217391305,-0.10303030303030303,0.13772455089820362,-2.4396226359665683,0.6738924561637594,-0.5839687926517412
-0.43384622704809783,10.18126167595015,-1.3121643997278465,-0.5885959534028203,9.652973635806253,-1.5695892090741874,0.8260869565217391,-0.08484848484848485,0.12774451097804393,-3.800225896226017,0.7971420988088869,-0.15971637221644708
-0.4343440239915304,10.216163369975309,-1.2274830113594388,-0.6670754138565297,9.731453096259962,-1.5303494788473329,0.8326086956521739,-0.09090909090909091,0.12375249500998006,-3.9216987896573574,0.4413013453764466,0.32819037192699185
-0.34972995429995823,10.153250174795057,-1.2152178098432413,-0.47087676272225626,9.692213366033108,-1.491109748620478,0.8326086956521739,-0.09494949494949495,0.10578842315369263,-4.090039479873735,0.7482176339530933,0.0713186457493077
-0.3500898096352938,10.104727624433446,-1.2277548266712952,-0.5885959534028203,9.652973635806253,-1.5303494788473329,0.8304347826086956,-0.0808080808080808,0.11576846307385232,-3.5485110923852106,0.9421483297773727,-1.2268723035248172
-0.3861707259799425,10.094468208152753,-1.2884591938529704,-0.5885959534028203,9.652973635806253,-1.648068669527897,0.841304347826087,-0.09898989898989899,0.12375249500998006,-2.911439822353254,1.1928328243560422,-2.2370452975939576
-0.4466410491492423,10.120556662603164,-1.3128993980823278,-0.6670754138565297,9.652973635806253,-1.5303494788473329,0.8326086956521739,-0.10101010101010101,0.093812375249501,-3.0998290831828426,1.3490026176172225,-2.8131081730464986
-0.42311577094203384,10.106443369558239,-1.240516121604199,-0.5885959534028203,9.731453096259962,-1.5303494788473329,0.8304347826086956,-0.07676767676767676,0.13972055888223556,-3.1121532342580163,1.1342734191600297,-2.2958746653760516
-0.3621606035066508,10.117164089127927,-1.2277511699630639,-0.5885959534028203,9.652973635806253,-1.5695892090741874,0.8326086956521739,-0.07474747474747474,0.12375249500998006,-2.989152759203251,0.5934579529565142,-1.7343670275410474
-0.28899885937137204,10.043975910957242,-1.300040590929924,-0.47087676272225626,9.613733905579398,-1.648068669527897,0.8369565217391305,-0.0808080808080808,0.10578842315369263,-2.577424693382225,1.0119682103784102,-2.4228949545870906
-0.3015566562883705,10.031555012972499,-1.2761939923367727,-0.510116492949111,9.53525444512569,-1.5695892090741874,0.8326086956521739,-0.09494949494949495,0.12375249500998006,-0.7715407091209795,1.1367175720941955,-3.0797370643916797
-0.27764993495024437,9.946446156880416,-1.3129505919975653,-0.510116492949111,9.53525444512569,-1.6873083997547516,0.8391304347826087,-0.08686868686868687,0.12974051896207586,-0.5576071639643101,0.9064574597064258,-2.9449942705656804
-0.44832828957252174,9.937941402498865,-1.326790615858688,-0.6670754138565297,9.53525444512569,-1.648068669527897,0.8326086956521739,-0.08484848484848485,0.10578842315369263,-1.6711864429553296,1.1150282994161065,-2.4623755880419296
-0.3504367122932801,9.984494206026575,-1.313297979279534,-0.5885959534028203,9.53525444512569,-1.5695892090741874,0.8282608695652174,-0.0707070707070707,0.11976047904191618,-2.743371343501162,0.9651565555640595,-2.0866347276296273
-0.34983335543512384,10.045445437727798,-1.3126824333939402,-0.510116492949111,9.53525444512569,-1.6088289393010422,0.8369565217391305,-0.08888888888888889,0.10379241516966069,-2.9552584936914283,1.2023579973631455,-2.0236793542265836
-0.30094898187109775,10.06860262199197,-1.299913825044574,-0.510116492949111,9.574494175352545,-1.6088289393010422,0.841304347826087,-0.08686868686868687,0.08582834331337326,-2.8804701532332175,1.2050614741144021,-2.2221458688098736
-0.30070763912783527,10.092983114672458,-1.2996676066903365,-0.4316370324954016,9.496014714898834,-1.6873083997547516,0.8347826086956522,-0.09292929292929293,0.06786427145708583,-2.014671713105225,0.805057858353848,-2.732704993895564
-0.3249634219035059,10.069810363698547,-1.3362864703410855,-0.510116492949111,9.613733905579398,-1.6088289393010422,0.841304347826087,-0.07676767676767676,0.1317365269461078,-1.4391647359624502,0.7798199549281437,-3.4837072119559656
-0.29985214562862544,10.118555782349786,-1.3596442889339928,-0.510116492949111,9.652973635806253,-1.6088289393010422,0.8282608695652174,-0.07272727272727272,0.09980039920159682,-2.251299447009791,0.8177018369548443,-3.384331111993781
-0.3249655806830641,10.081762175039424,-1.324118781044388,-0.510116492949111,9.613733905579398,-1.6088289393010422,0.8304347826086956,-0.0707070707070707,0.1317365269461078,-1.988315770743837,1.0554874668428975,-3.4173791997070104
-0.3377582440046505,10.009105350351561,-1.3370214686955666,-0.510116492949111,9.496014714898834,-1.648068669527897,0.8391304347826087,-0.08282828282828283,0.11576846307385232,-1.4108054561230012,0.8655843331911874,-3.803382439735348
-0.3617791603757332,10.04616852608077,-1.3368910461019852,-0.5885959534028203,9.53525444512569,-1.648068669527897,0.8260869565217391,-0.0808080808080808,0.10778443113772457,-2.3711568530067595,1.0796997460923514,-3.35271428698324
-0.3003305135560341,10.045891174307053,-1.3844721042358628,-0.5493562231759657,9.53525444512569,-1.7265481299816063,0.8347826086956522,-0.06868686868686869,0.1097804391217565,-2.622600636011993,0.8413275613605112,-3.7000097350847474
-0.25193314303764947,10.044190995892,-1.3478605540015764,-0.47087676272225626,9.574494175352545,-1.648068669527897,0.841304347826087,-0.08888888888888889,0.10179640718562875,-2.0955679239256706,0.9063351640139685,-3.249006297947055
-0.20207260460278226,10.105111094173745,-1.3949455187187478,-0.4316370324954016,9.613733905579398,-1.648068669527897,0.85,-0.07474747474747474,0.09580838323353294,-1.9330120065846514,0.8269673903626885,-3.798160374230732
-0.21414123969458104,10.10559574752735,-1.407109551307214,-0.39239730226854685,9.613733905579398,-1.765787860208461,0.8391304347826087,-0.06666666666666667,0.11976047904191618,-2.364190481592036,0.8954795299856141,-4.00677634613465
-0.15256976272369238,10.105556830753,-1.4667351895606704,-0.3531575720416922,9.652973635806253,-1.8050275904353157,0.8391304347826087,-0.07272727272727272,0.09580838323353294,-2.7190345246736047,0.7258824916774655,-4.018437031179119
-0.16513187719980726,10.117039555450011,-1.418553212374124,-0.3139178418148375,9.692213366033108,-1.8050275904353157,0.8347826086956522,-0.06262626262626263,0.09580838323353294,-2.0366414205369314,1.1465891162083661,-3.736287578190068
-0.2376665179017895,10.119709040572276,-1.479492827785343,-0.4316370324954016,9.574494175352545,-1.8442673206621703,0.8369565217391305,-0.07878787878787878,0.09580838323353294,-2.0039730015815285,1.5264283681803557,-3.9191237680830446
-0.2617994705262706,10.096774724597733,-1.5281562715556705,-0.4316370324954016,9.652973635806253,-1.8050275904353157,0.8478260869565217,-0.0707070707070707,0.08582834331337326,-3.06470909990188,1.5949969371795083,-4.151862414704404
-0.15183062303699738,10.095035629408331,-1.5511703595748405,-0.3139178418148375,9.574494175352545,-1.8442673206621703,0.841304347826087,-0.08686868686868687,0.0658682634730539,-5.149561003070767,1.5642345180684725,-3.8572496371175817
-0.13903364215629466,10.14378883141444,-1.5626030505170567,-0.3139178418148375,9.692213366033108,-1.8050275904353157,0.8434782608695652,-0.06262626262626263,0.11377245508982037,-4.963593182558475,1.6525884938836302,-3.7678545624709936
-0.10221574490450917,10.155478857691339,-1.5741661640528541,-0.27467811158798283,9.652973635806253,-1.9227467811158798,0.8369565217391305,-0.07272727272727272,0.07385229540918165,-4.719399854070901,1.5156526082358877,-3.7702964957558693
-0.13939565627118844,10.107218092393706,-1.562972378048413,-0.39239730226854685,9.574494175352545,-1.9619865113427344,0.8456521739130435,-0.06868686868686869,0.08183632734530939,-4.290012281675554,1.8763973173946162,-4.170027633837237
-0.22497077937669419,10.048705694170248,-1.6005578315749553,-0.4316370324954016,9.574494175352545,-1.883507050889025,0.8456521739130435,-0.06666666666666667,0.11377245508982037,-4.9342372100385505,2.2182602440033015,-4.46776789405931
-0.22545130608366099,9.987992897468393,-1.613217957580128,-0.47087676272225626,9.613733905579398,-1.9227467811158798,0.8478260869565217,-0.06464646464646465,0.08982035928143714,-6.809950415138464,2.0556518233248626,-4.616311142236448
-0.15266021118150877,9.926041225640482,-1.6372059488915545,-0.39239730226854685,9.417535254445125,-1.9227467811158798,0.8456521739130435,-0.046464646464646465,0.08383233532934133,-6.921842633557369,1.4576557216116668,-4.463100965299407
-0.09169640862789287,9.888954699846666,-1.6731117544372092,-0.23543838136112813,9.299816063764561,-2.040465971796444,0.8456521739130435,-0.06060606060606061,0.09181636726546907,-6.130555346464748,0.4134686223455607,-4.1059948267634905
-0.043773088477800454,9.790686290707127,-1.685663398098188,-0.27467811158798283,9.299816063764561,-2.0797057020232983,0.8543478260869566,-0.06262626262626263,0.07784431137724553,-5.0112628140479965,0.27437911705882834,-4.086769501137087
-0.006950873666898519,9.778472694302273,-1.7215618902273808,-0.27467811158798283,9.221336603310851,-2.001226241569589,0.8434782608695652,-0.048484848484848485,0.07385229540918165,-4.58254492252913,0.29438478320558426,-4.212729683854557
-0.11741104176092963,9.779258049494203,-1.6503694817298957,-0.27467811158798283,9.299816063764561,-2.001226241569589,0.8543478260869566,-0.050505050505050504,0.1097804391217565,-4.263019763808922,1.1714794353190547,-3.8356967985596295
-0.04498411975322944,9.692687449986435,-1.6625591112759806,-0.19619865113427343,9.299816063764561,-1.9619865113427344,0.85,-0.06060606060606061,0.09780439121756489,-4.1449090124069325,1.5244708685792145,-3.122049008735247
-0.0076856957944771015,9.765090272965189,-1.6614620988066058,-0.23543838136112813,9.299816063764561,-2.040465971796444,0.8434782608695652,-0.04242424242424243,0.05988023952095809,-3.3556417818022912,1.1603871975167486,-3.6470519472009886
0.01670802858929045,9.70483877955233,-1.7220616403523181,-0.15695892090741875,9.299816063764561,-2.040465971796444,0.8586956521739131,-0.03232323232323232,0.0878243512974052,-2.1523071169316097,1.2346440091348498,-3.111556776739429
-0.04424713884609263,9.69411805998264,-1.7348265919934531,-0.23543838136112813,9.142857142857142,-2.040465971796444,0.8478260869565217,-0.05454545454545454,0.07185628742514971,-0.4187743755427906,1.174568510345703,-3.144101229628603
-0.08033237274985773,9.707762266383702,-1.7711955805817332,-0.3139178418148375,9.260576333537706,-2.040465971796444,0.8543478260869566,-0.05454545454545454,0.05788423153692616,-0.2561468099648611,1.3901374046250954,-2.446107733421264
-0.05608090753330354,9.754838640039367,-1.7102413383375896,-0.27467811158798283,9.221336603310851,-2.040465971796444,0.8565217391304348,-0.03232323232323232,0.093812375249501,-0.9188221408221613,1.5573748675133274,-1.3444239458921587
