0.23177005385053567,10.313608153313877,0.5512369146017645,-0.11771919068056406,9.849172286940528,0.3531575720416922,0.7717391304347826,0.2868686868686869,-0.5808383233532934,-3.771881469488189,-0.9412695261090034,-1.7265397404381981
0.7931872882248264,10.327377906697544,0.5208442061660911,0.4316370324954016,9.888412017167381,0.27467811158798283,0.7695652173913043,0.2808080808080808,-0.5728542914171657,-6.675507443315147,-0.6107615182419464,-0.7849559521828182
0.6838347502710588,10.318357365542909,0.47146770429066964,0.745554874310239,9.888412017167381,0.27467811158798283,0.7717391304347826,0.27070707070707073,-0.5848303393213574,-1.1270315474818433,-0.4371707601945003,-0.21686656665445916
0.4279346515399366,10.33571819732214,0.46908231162115077,0.19619865113427343,9.927651747394236,0.27467811158798283,0.7673913043478261,0.28888888888888886,-0.5608782435129741,-3.5541367076569395,-1.0969568809240933,1.7845907967343644
0.60825310236448,10.183596050931335,0.5777980096052471,0.3139178418148375,9.770692826486817,0.27467811158798283,0.7847826086956522,0.29292929292929293,-0.5568862275449102,-6.735617207290227,-1.4736590149072453,3.276481647358074
0.657016804556875,10.194562988855262,0.5904435087774947,0.4316370324954016,9.809932556713672,0.3531575720416922,0.7782608695652175,0.2868686868686869,-0.5888223552894213,-4.604683888633615,-1.1652882245056826,2.7076437970612415
0.6448318156525613,10.158953773186868,0.5538209884185147,0.39239730226854685,9.770692826486817,0.39239730226854685,0.7673913043478261,0.28484848484848485,-0.5528942115768464,-2.93536994864434,-1.0215163691315448,2.189049516976938
0.5831526199873908,10.075091575575712,0.540317381714667,0.4316370324954016,9.692213366033108,0.4316370324954016,0.7760869565217391,0.301010101010101,-0.5489021956087825,-2.293247277428889,-1.0108883904805686,1.9240731571849354
0.619240012670714,10.049495557833774,0.5645186810062496,0.39239730226854685,9.613733905579398,0.3531575720416922,0.7673913043478261,0.2909090909090909,-0.5768463073852296,-3.0380329227116882,-0.9246326253748609,2.5703042835997407
0.6425304244733345,9.975146338085729,0.6001526712400483,0.39239730226854685,9.574494175352545,0.3531575720416922,0.7608695652173914,0.296969696969697,-0.56686626746507,-3.7883467867740492,-0.7524707504511131,2.5778074222403644
0.6663121568807131,9.901750858335154,0.587608340995532,0.4316370324954016,9.45677498467198,0.3139178418148375,0.7739130434782608,0.28484848484848485,-0.5768463073852296,-3.9439011038462444,-0.71691782593058,2.3360169578065233
0.7650527513204898,10.009731763562822,0.5776273632211222,0.5885959534028203,9.45677498467198,0.39239730226854685,0.7739130434782608,0.2868686868686869,-0.5928143712574852,-4.19777807012014,-0.7575680305780792,1.5476812027544335
0.703862717480519,9.938775117290014,0.528113125335657,0.5885959534028203,9.53525444512569,0.3531575720416922,0.7608695652173914,0.2868686868686869,-0.6027944111776448,-3.658421335745925,-1.0697977467464164,0.5384853540418699
0.7045910632694229,9.988012972649727,0.5045164018049745,0.5885959534028203,9.613733905579398,0.23543838136112813,0.7717391304347826,0.296969696969697,-0.5568862275449102,-4.443504814169802,-1.5028248018352928,0.7440548200048159
0.7655440719252476,10.010685503560294,0.5294490427428071,0.5885959534028203,9.53525444512569,0.27467811158798283,0.7652173913043478,0.3111111111111111,-0.5748502994011977,-5.014595903892895,-1.3401365070729674,1.799195388696724
0.7044682331182335,9.98777453765036,0.5165609819245532,0.5885959534028203,9.652973635806253,0.3139178418148375,0.75,0.28484848484848485,-0.6127744510978045,-5.344995060527184,-1.2995396403823563,2.4869100266508997
0.6051178054816256,9.854697834744101,0.5624294817034619,0.47087676272225626,9.53525444512569,0.3139178418148375,0.7760869565217391,0.30505050505050507,-0.5489021956087825,-6.226503408449714,-1.8026846385142565,3.8645464029057903
0.6044907020483291,9.925216527792522,0.6956585180815408,0.510116492949111,9.45677498467198,0.47087676272225626,0.7630434782608696,0.30505050505050507,-0.5808383233532934,-8.41917133032734,-1.310155785259235,5.13362137109795
0.6762991557409657,9.861357375969666,0.7680271677267446,0.510116492949111,9.45677498467198,0.5885959534028203,0.7586956521739131,0.3111111111111111,-0.5409181636726548,-8.913930240394762,-0.8218620191063774,4.286857933582654
0.701656092318225,9.910579664619641,0.7205801888946796,0.5493562231759657,9.45677498467198,0.5885959534028203,0.7804347826086957,0.30707070707070705,-0.5469061876247505,-8.21684468325835,-0.07004306817166872,2.6373015266804924
0.8239413939812342,9.896880974734492,0.6734732839281209,0.6670754138565297,9.53525444512569,0.47087676272225626,0.7673913043478261,0.31717171717171716,-0.5608782435129741,-9.093526269250662,0.6103584224739579,1.7791481904491606
0.9330417952939483,9.941280079913023,0.7834420139327923,0.7847946045370937,9.574494175352545,0.4316370324954016,0.7739130434782608,0.3292929292929293,-0.5568862275449102,-8.970413340740787,1.0998008331600426,1.321643296905507
1.0191082390042119,10.000746218133951,0.7728491469810199,0.8240343347639485,9.53525444512569,0.5493562231759657,0.7717391304347826,0.31313131313131315,-0.5728542914171657,-7.968905609663461,1.3247288067581025,-0.05719307318093194
0.9827816623571842,9.990009931854521,0.7362339400385024,0.8240343347639485,9.53525444512569,0.5885959534028203,0.7695652173913043,0.33535353535353535,-0.56686626746507,-6.758444215163331,1.2624233345477702,-1.7423014894073023
1.070181967494066,10.147713345795509,0.6904922061449437,0.9025137952176578,9.652973635806253,0.510116492949111,0.7673913043478261,0.3333333333333333,-0.5349301397205589,-6.645779610668621,1.4369668832909617,-2.929739922524493
0.9602109612252349,10.161404252325788,0.7256739834608112,0.8240343347639485,9.809932556713672,0.510116492949111,0.7652173913043478,0.32727272727272727,-0.6007984031936129,-5.912802284480989,0.8541717718653833,-4.260263612136179
0.9626373413352093,10.333498311085417,0.6551300312230013,0.7847946045370937,9.809932556713672,0.47087676272225626,0.7608695652173914,0.3434343434343434,-0.5708582834331338,-4.275393138959704,1.3332577302154802,-5.234812608534357
0.9269249154441288,10.323954199802827,0.55829192368259,0.745554874310239,9.927651747394236,0.3531575720416922,0.7630434782608696,0.34545454545454546,-0.5449101796407186,-2.8268019095298973,2.015696165663783,-5.340553273680367
1.0852997685700196,10.272707680834865,0.5232186287109162,0.7847946045370937,9.927651747394236,0.27467811158798283,0.7586956521739131,0.3292929292929293,-0.5808383233532934,-3.7620611632511967,2.1093003652913884,-3.7950790081393513
1.511384742539103,10.27484967478059,0.5997900550165703,1.4518700183936235,9.849172286940528,0.39239730226854685,0.7630434782608696,0.3333333333333333,-0.5888223552894213,0.32611827561830004,2.115621297425646,-1.7371014869386925
0.950950149374328,10.262987401391866,0.5338261224956136,0.9417535254445125,9.809932556713672,0.27467811158798283,0.7630434782608696,0.32525252525252524,-0.5508982035928145,13.991215830804078,2.867458663278731,-3.592383641197775
0.6951836746921863,10.220827611466081,0.45855770322302836,0.510116492949111,9.809932556713672,0.27467811158798283,0.7630434782608696,0.3090909090909091,-0.6007984031936129,15.129578750997743,3.0550518464044627,-3.5277216430232854
0.4870840659599672,10.13968159910641,0.4556652470121094,0.3139178418148375,9.809932556713672,0.23543838136112813,0.7652173913043478,0.3333333333333333,-0.56686626746507,5.829733497674464,2.210937946307851,-2.506966536497657
1.1444383890922591,10.136430139323519,0.5706400105853624,1.020232985898222,9.770692826486817,0.39239730226854685,0.7608695652173914,0.3373737373737374,-0.564870259481038,-7.9221612801920696,1.3340344450989736,0.0031759854254948365
1.1195727731197576,10.088161590671016,0.5699086689391124,0.9809932556713672,9.613733905579398,0.23543838136112813,0.7673913043478261,0.32525252525252524,-0.5908183632734532,-8.67878251600261,1.4065132068491382,1.0145444791524214
0.8756271144474777,10.056992088733766,0.5430611317908485,0.745554874310239,9.652973635806253,0.3531575720416922,0.7586956521739131,0.3292929292929293,-0.5808383233532934,-2.5475856078916843,1.7756428308957815,-0.20266102605036074
0.936220267767967,10.031142069282723,0.5554567559006273,0.7063151440833844,9.652973635806253,0.3531575720416922,0.7652173913043478,0.32525252525252524,-0.5489021956087825,-4.206972289478919,1.6068869377388717,-0.20127628470977357
0.9479182536266391,10.04189392227189,0.6159222181445273,0.8240343347639485,9.574494175352545,0.39239730226854685,0.7608695652173914,0.3292929292929293,-0.5848303393213574,-5.860507654799718,1.475792667277911,0.34757846057841546
0.959741228416059,10.04093239891955,0.6521754109721511,0.745554874310239,9.692213366033108,0.39239730226854685,0.7608695652173914,0.3414141414141414,-0.5768463073852296,-5.018019216810543,1.9056493239272134,-0.254002317337598
1.0341096862676502,10.08964668415131,0.5811170817764786,0.9025137952176578,9.692213366033108,0.4316370324954016,0.7630434782608696,0.3393939393939394,-0.5469061876247505,-4.346059841161977,2.6517000551381797,-1.3405698198393308
1.0220388923962933,10.102083148845791,0.5811207384847098,0.8240343347639485,9.692213366033108,0.27467811158798283,0.7652173913043478,0.33131313131313134,-0.5808383233532934,-3.778426960562027,3.2674292948681916,-1.9850294186073074
1.1082216899190716,10.197643156088718,0.5949863593034512,0.9025137952176578,9.849172286940528,0.3531575720416922,0.7630434782608696,0.3515151515151515,-0.5489021956087825,-3.6229275727168226,2.421501504439352,-2.473276427694885
1.0831168899828658,10.113042303414849,0.5818411100062661,0.9417535254445125,9.731453096259962,0.39239730226854685,0.7652173913043478,0.3292929292929293,-0.5588822355289422,-3.02520713873934,2.444128732360103,-2.5857175103616563
1.1204217902802927,10.149589692370974,0.5464350545855486,0.9417535254445125,9.731453096259962,0.3531575720416922,0.7608695652173914,0.3414141414141414,-0.5848303393213574,-2.914903007534951,2.5334903458180107,-2.389101920494993
1.2073372511510916,10.270483932291858,0.5123685732802125,1.0594727161250765,9.888412017167381,0.3139178418148375,0.7543478260869565,0.34949494949494947,-0.56686626746507,-2.2835007429116696,2.9004259995897446,-2.5475071978940775
1.1961284271176191,10.272637630641038,0.4158924798546949,1.0594727161250765,9.849172286940528,0.23543838136112813,0.75,0.3373737373737374,-0.5808383233532934,-2.104612809010643,2.720582897922336,-1.3629842901608442
1.2452627785431405,10.27236806222219,0.38023654937150864,1.0987124463519313,9.849172286940528,0.19619865113427343,0.7673913043478261,0.33535353535353535,-0.596806387225549,-1.7834796588417055,1.8573520904125702,0.9151731996302421
1.1840511569075876,10.32092952935815,0.4523992044530187,1.020232985898222,9.927651747394236,0.19619865113427343,0.7586956521739131,0.3575757575757576,-0.5828343313373254,-2.475572529551454,0.6314676785901836,3.538063710086389
1.1578365680515599,10.258086384371724,0.5719905548254375,0.9417535254445125,9.731453096259962,0.3531575720416922,0.7521739130434782,0.3333333333333333,-0.5888223552894213,-2.6583099755005515,0.6216351989623525,5.228104012302534
1.010090928676126,10.114758048539642,0.5690798150733624,0.8632740649908032,9.809932556713672,0.39239730226854685,0.7586956521739131,0.3373737373737374,-0.5848303393213574,-3.5982377564202084,0.7350320086913291,6.286932947906409
1.107260636505138,10.076217562685008,0.5696661072931062,0.9417535254445125,9.731453096259962,0.3531575720416922,0.7630434782608696,0.34545454545454546,-0.5588822355289422,-5.766244571454687,1.1259804645524367,7.053860164345727
1.2890444140257225,9.974763881650121,0.5825176010290475,1.1771919068056407,9.613733905579398,0.3139178418148375,0.7673913043478261,0.35555555555555557,-0.5469061876247505,-6.793132314327249,1.0384013386899367,7.29226592390373
1.3018370773473085,10.047420706337983,0.5954202886802262,1.0987124463519313,9.652973635806253,0.39239730226854685,0.7630434782608696,0.3515151515151515,-0.5768463073852296,-4.50582140640005,1.090574403899615,5.733271141820654
1.276240956806345,9.961866113666643,0.6304533598613562,1.137952176578786,9.613733905579398,0.4316370324954016,0.7652173913043478,0.36767676767676766,-0.5429141716566867,-3.2505905579453023,0.7336033912705233,4.2150154112828755
1.214675956174131,9.92604959641836,0.6535759302247199,1.020232985898222,9.496014714898834,0.4316370324954016,0.7673913043478261,0.3474747474747475,-0.5489021956087825,-2.694355722235528,0.7417335531690014,3.0383504013288194
1.215042287848141,9.93871671275734,0.6296098791626812,1.0987124463519313,9.496014714898834,0.47087676272225626,0.7586956521739131,0.33131313131313134,-0.5868263473053893,-3.1658693827209503,1.3062386722219455,1.3700617356523046
1.2755277224743486,9.828965578920792,0.5688762583151561,1.0594727161250765,9.417535254445125,0.3531575720416922,0.7760869565217391,0.35555555555555557,-0.5548902195608784,-2.983647768751859,1.5978812997124545,0.8815475043034883
1.2379857969927754,9.744134074602426,0.579700716788241,1.0987124463519313,9.417535254445125,0.3531575720416922,0.7630434782608696,0.3434343434343434,-0.5608782435129741,-2.9419939836351827,1.6912374906743628,0.34881157481734043
1.3967118703357688,9.78921735135958,0.6058351958314112,1.25567136725935,9.339055793991415,0.3531575720416922,0.7673913043478261,0.3575757575757576,-0.5748502994011977,-4.176357032382732,1.370743084337917,0.026554444848542153
1.3613420295435585,9.923810281165615,0.6188756194926337,1.2164316370324952,9.496014714898834,0.3531575720416922,0.7630434782608696,0.3696969696969697,-0.5449101796407186,-2.130858346325745,1.145196368833653,-2.4121514925823697
1.2038377813737853,9.916966788424768,0.5087984071437686,0.9809932556713672,9.496014714898834,0.3139178418148375,0.7630434782608696,0.35555555555555557,-0.5628742514970061,-0.6062178298144891,1.6078379231648579,-3.9026830688501444
1.2160206114985406,9.964527815434037,0.5575886167994462,1.0987124463519313,9.613733905579398,0.39239730226854685,0.7521739130434782,0.3373737373737374,-0.5848303393213574,-1.4425044538304996,1.4484147960401539,-2.9513544231423037
1.2773421106079337,9.987915651342707,0.5463875173785424,1.0987124463519313,9.496014714898834,0.27467811158798283,0.7586956521739131,0.3696969696969697,-0.5429141716566867,-2.182471766122871,1.5298600283094883,-1.8184794648482772
1.6290823733005662,9.809873435307027,0.5601726906161962,1.4126302881667687,9.45677498467198,0.3531575720416922,0.7543478260869565,0.34949494949494947,-0.5728542914171657,-1.1327322000760982,1.8812385578850914,-1.5704217274288972
1.4230277015474038,9.97181704475414,0.5958761583063887,1.25567136725935,9.574494175352545,0.3531575720416922,0.7565217391304347,0.36767676767676766,-0.5748502994011977,7.823620083250321,2.9761473415371,-1.8881221323914388
1.1054505659306693,9.89336386758134,0.5678194696363248,0.9417535254445125,9.496014714898834,0.3531575720416922,0.7652173913043478,0.3595959595959596,-0.5489021956087825,13.105274876451947,2.742301471787844,-3.0359957145439873
0.9708488100939241,9.919022152162235,0.6390191915502722,0.7063151440833844,9.53525444512569,0.4316370324954016,0.7673913043478261,0.3474747474747475,-0.5489021956087825,8.22700705826228,2.1650278447868097,-2.1811293861719765
0.946942088755798,10.004131008254317,0.6757757912110648,0.7847946045370937,9.574494175352545,0.510116492949111,0.7543478260869565,0.3575757575757576,-0.5608782435129741,0.9075283881042475,1.1610456684152604,-2.5033718618278105
1.3268212059118834,10.119831312671607,0.6084424288002925,1.137952176578786,9.731453096259962,0.3531575720416922,0.7673913043478261,0.3515151515151515,-0.564870259481038,-5.868371456494453,0.9655026308889589,-2.998350505967375
1.2296687683193368,10.062757307799227,0.5105146222069686,1.0987124463519313,9.652973635806253,0.27467811158798283,0.7673913043478261,0.3434343434343434,-0.5469061876247505,-3.8917470367680056,1.616490119899025,-3.99150078058289
1.2553834014523735,10.172453958151689,0.4877723494996549,1.0987124463519313,9.692213366033108,0.27467811158798283,0.7565217391304347,0.3656565656565657,-0.5728542914171657,-2.1583993300253557,1.4010271768688898,-3.887161253848036
1.352919440955396,10.146580588636034,0.46439259065735994,1.2164316370324952,9.731453096259962,0.27467811158798283,0.7456521739130435,0.35555555555555557,-0.5848303393213574,-3.699446106334657,1.3344161375501535,-2.8983667556666917
1.2435604266629536,10.17341548150403,0.45151915667203113,1.0987124463519313,9.809932556713672,0.23543838136112813,0.7630434782608696,0.34949494949494947,-0.6007984031936129,-1.6438562320747656,1.1739211184774936,-2.8580861525081502
1.353285772629406,10.159247704975016,0.4404265395953212,1.2164316370324952,9.692213366033108,0.19619865113427343,0.7543478260869565,0.3656565656565657,-0.5828343313373254,-2.1763405386451855,0.9275163066031178,-2.1379324121040426
1.218457785506306,10.076862817489284,0.4262062180781485,1.0594727161250765,9.731453096259962,0.15695892090741875,0.7630434782608696,0.35353535353535354,-0.5908183632734532,-0.8518197872345086,0.7966109228153638,-1.5580217260820277
1.2178436347503585,10.075670642492444,0.4864291186760423,1.020232985898222,9.652973635806253,0.23543838136112813,0.7543478260869565,0.34949494949494947,-0.596806387225549,-0.09222864527369487,0.9286954660291866,-0.9420434930149437
1.20480962868551,9.978633325124093,0.47328021267062603,0.9025137952176578,9.53525444512569,0.27467811158798283,0.7586956521739131,0.3575757575757576,-0.5489021956087825,-1.5049692435190833,0.5032846887935215,-0.5781062011009309
1.3158623597399064,10.09855825833777,0.46354179654222244,1.1771919068056407,9.692213366033108,0.19619865113427343,0.7521739130434782,0.3414141414141414,-0.5928143712574852,-2.244484414646833,0.6311508152098246,-0.9813574372223531
1.3893796416514042,10.097796253210447,0.4281247709968112,1.25567136725935,9.613733905579398,0.19619865113427343,0.7630434782608696,0.35353535353535354,-0.5768463073852296,-1.9840239509433497,0.7078447095769089,-1.1056350456616695
1.2544331419362307,9.991269308043595,0.4016136510058222,1.1771919068056407,9.53525444512569,0.15695892090741875,0.7456521739130435,0.35555555555555557,-0.6187624750499002,0.7352263326902349,1.4051843277596352,-1.55868306180599
1.2305328969367795,10.040522730113048,0.4018671827765222,1.020232985898222,9.652973635806253,0.15695892090741875,0.75,0.34949494949494947,-0.6107784431137725,2.26911778862152,1.4850275426134543,-1.7413223565934397
1.3041686914403503,10.063902782666847,0.3787409557049273,1.1771919068056407,9.692213366033108,0.15695892090741875,0.7521739130434782,0.35555555555555557,-0.5828343313373254,0.15287419917623807,1.5062944162637244,-1.568068665946135
1.3662142187795312,10.160432096616985,0.3682785113467361,1.137952176578786,9.770692826486817,0.07847946045370938,0.75,0.3717171717171717,-0.5708582834331338,-1.3140081362745817,1.2747290326735696,-2.207392238028889
1.3302539738065138,10.162362926676536,0.3076972533421798,1.137952176578786,9.809932556713672,0.07847946045370938,0.7565217391304347,0.34949494949494947,-0.5728542914171657,-0.910735738200594,0.5890328256342723,-2.6372804753176142
1.3803493786459688,10.283518951661398,0.2973615748693387,1.25567136725935,9.888412017167381,0.0,0.7478260869565218,0.3575757575757576,-0.6027944111776448,6.598256267098273,1.260290496581977,-1.4500129809219333
1.1255374810390861,10.398640189161954,0.28391647549719107,0.9809932556713672,10.0453709380748,0.07847946045370938,0.7521739130434782,0.36767676767676766,-0.5568862275449102,9.412361371341909,1.6097678228324828,0.25568627221813983
1.0403243720484743,10.376698529959231,0.2467003495020047,0.9025137952176578,10.006131207847945,0.03923973022685469,0.7434782608695653,0.3515151515151515,-0.5708582834331338,5.255181936475703,1.4155727009576737,3.7649386749318214
0.9532796046878114,10.291421289061606,0.3293144788170122,0.7847946045370937,9.927651747394236,0.11771919068056406,0.7586956521739131,0.36767676767676766,-0.5848303393213574,-1.012942280506734,0.22365188777910577,5.926479232690999
1.2072208973385767,10.23439006326986,0.4879100855096987,1.0594727161250765,9.770692826486817,0.27467811158798283,0.75,0.34545454545454546,-0.6047904191616768,-7.455198598686441,-0.45087938058008936,8.576453126671275
1.498359371592487,10.130005112048734,0.5379703918243639,1.3341508277130594,9.770692826486817,0.3531575720416922,0.7586956521739131,0.3616161616161616,-0.5489021956087825,-6.089826100724891,0.3895344545710158,7.665460998649834
1.3395083093187459,10.096635211633087,0.53604818219747,1.1771919068056407,9.731453096259962,0.3531575720416922,0.75,0.3656565656565657,-0.5688622754491018,-1.2323609869546217,0.7114246696222382,4.985707640287798
1.2539267098745654,10.073978247432262,0.53496579656102,1.0987124463519313,9.613733905579398,0.3531575720416922,0.7565217391304347,0.36363636363636365,-0.5508982035928145,-0.9328337702995994,0.456647544160921,2.95989867990832
1.3404909505282616,10.09854269162803,0.4396915412408399,1.25567136725935,9.692213366033108,0.23543838136112813,0.7543478260869565,0.3474747474747475,-0.5728542914171657,-1.3933939559997859,0.4295990050017872,1.443591734236804
1.3886512958625001,10.048558397850734,0.45172149452749366,1.2164316370324952,9.652973635806253,0.19619865113427343,0.7586956521739131,0.35353535353535354,-0.5708582834331338,-0.6222239063943122,0.12513643939949223,0.5841690071247796
1.3887741260136894,10.048796832850101,0.4396769144079149,1.25567136725935,9.652973635806253,0.27467811158798283,0.7630434782608696,0.37575757575757573,-0.5528942115768464,0.4755365930155783,0.32572263477027463,-0.3545652518617147
1.266137604133578,9.966165727010132,0.42557604535962973,1.0987124463519313,9.53525444512569,0.19619865113427343,0.7586956521739131,0.35353535353535354,-0.5628742514970061,1.225352877367549,-0.09271856189514492,-1.7004664565303296
1.1689678963045653,10.004706212864766,0.42498975313988596,1.020232985898222,9.613733905579398,0.23543838136112813,0.75,0.3717171717171717,-0.5768463073852296,1.0677521653289501,-0.06410696678592764,-2.1399550881932137
1.1194823246619412,9.908645985558495,0.39943790960822834,0.9025137952176578,9.45677498467198,0.19619865113427343,0.7586956521739131,0.3696969696969697,-0.5489021956087825,1.0109649387761137,0.6548353056672627,-2.397942349007533
1.1689786902023562,9.944947156160381,0.3641513066563984,1.020232985898222,9.574494175352545,0.15695892090741875,0.75,0.3595959595959596,-0.5988023952095809,-0.06808847525639124,1.0791986861885943,-1.748368544905231
1.290895501411797,9.93053316127713,0.35317814204857595,1.0987124463519313,9.613733905579398,0.15695892090741875,0.7521739130434782,0.3373737373737374,-0.594810379241517,-0.7666624708450067,1.380041918196498,-1.3003181661660748
1.2183543843711404,9.969058080422025,0.32874159452744967,1.0594727161250765,9.574494175352545,0.07847946045370938,0.75,0.36767676767676766,-0.5469061876247505,0.334753144072845,1.5963663295869157,-1.8892790903760897
1.1691015203535458,9.94518559115975,0.3521067265368196,1.020232985898222,9.496014714898834,0.15695892090741875,0.75,0.35555555555555557,-0.56686626746507,-0.7712801119207772,1.602642280596522,-1.9846826361431498
1.2053117431880587,9.91982800841718,0.36426344570882335,0.9809932556713672,9.496014714898834,0.19619865113427343,0.75,0.3575757575757576,-0.5868263473053893,-2.251093521462016,1.657184714106839,-1.133382600907053
1.168373174564642,9.895947735800036,0.3757034500675021,1.0987124463519313,9.53525444512569,0.15695892090741875,0.7565217391304347,0.35555555555555557,-0.5508982035928145,-2.6671394879873898,2.08320549089395,-0.1862563617741185
1.2532307457790348,9.845463221959397,0.3760471806412396,1.0987124463519313,9.496014714898834,0.19619865113427343,0.7543478260869565,0.3595959595959596,-0.5848303393213574,-3.3478924282582465,2.388067040895681,0.5049618140164228
1.3013846147745987,9.831334362204732,0.42458020181798595,1.0987124463519313,9.45677498467198,0.19619865113427343,0.7521739130434782,0.37373737373737376,-0.5848303393213574,-4.1442642219055985,2.376224122512896,0.6954350376563184
1.3744148936404552,9.805714994398185,0.4130061181574947,1.1771919068056407,9.417535254445125,0.19619865113427343,0.7565217391304347,0.37575757575757573,-0.5449101796407186,-4.644585517865251,2.2321780482075066,-0.07522714862362888
1.3628203089169486,9.902767878476274,0.4500052794642936,1.1771919068056407,9.496014714898834,0.19619865113427343,0.7608695652173914,0.3575757575757576,-0.5768463073852296,-4.186732046114009,1.9300961359779674,-1.570299979919088
1.3027227937603334,9.905668015243036,0.36509595628280467,1.2164316370324952,9.53525444512569,0.15695892090741875,0.7521739130434782,0.36767676767676766,-0.5928143712574852,-3.222450469782311,2.245920098942737,-2.1578895637432414
1.3518420337289474,9.989061126210327,0.41461385087650104,1.1771919068056407,9.613733905579398,0.19619865113427343,0.7543478260869565,0.3717171717171717,-0.5568862275449102,-2.945611146500636,1.817379303982693,-1.6739659417669328
1.2668702674815981,9.991499959688092,0.37764394323555217,1.0987124463519313,9.613733905579398,0.11771919068056406,0.7630434782608696,0.3595959595959596,-0.5548902195608784,-3.431872060425506,1.8323637480025106,-1.197620442893844
1.4735153434155677,9.962218449987462,0.4155621572111386,1.25567136725935,9.496014714898834,0.19619865113427343,0.7456521739130435,0.36767676767676766,-0.5848303393213574,-6.114266129818519,1.3253197692500844,-0.3190854755839441
1.412917872535962,10.01197209212026,0.4275019116947549,1.2164316370324952,9.574494175352545,0.19619865113427343,0.7630434782608696,0.37777777777777777,-0.5508982035928145,-5.699860069584398,1.357663852488316,-0.3536477871368557
1.3897459733254143,10.110463369549427,0.40415871993477237,1.3341508277130594,9.692213366033108,0.19619865113427343,0.7565217391304347,0.36767676767676766,-0.5568862275449102,-4.185189868963526,1.6736828849649708,-1.1596690138578933
1.3775566668619843,10.098757776562788,0.3918715781691874,1.25567136725935,9.731453096259962,0.11771919068056406,0.75,0.3939393939393939,-0.5768463073852296,-4.032553381390305,1.6505003417577944,-1.2220318806347663
1.462541385786683,10.024608075039762,0.35583535002995115,1.25567136725935,9.613733905579398,0.15695892090741875,0.75,0.39191919191919194,-0.5548902195608784,-5.997390115348627,1.9958898007145676,-0.046489977173509944
1.6205391133407723,10.020453496437202,0.4055665526038037,1.5695892090741874,9.613733905579398,0.27467811158798283,0.7521739130434782,0.37575757575757573,-0.5888223552894213,-7.827453412798397,1.564631255532718,1.5687688307059309
1.6324827595018234,10.031682219425107,0.44194285460854627,1.491109748620478,9.613733905579398,0.19619865113427343,0.7434782608695653,0.3656565656565657,-0.5908183632734532,-8.182214193478972,1.1448061568682513,1.8156624461172992
1.6204119656304665,10.044118684119589,0.44194651131677753,1.6088289393010422,9.574494175352545,0.23543838136112813,0.7565217391304347,0.39595959595959596,-0.5508982035928145,-7.93679906153938,0.6293639500454978,0.7789877624785116
1.644193698037845,9.970723204369014,0.42940218107226125,1.5303494788473329,9.574494175352545,0.19619865113427343,0.7521739130434782,0.3878787878787879,-0.5808383233532934,-9.546157557968312,0.16075108878842703,-0.05662967917316857
1.8274255320180044,10.015552479417062,0.4437309849336276,1.6873083997547516,9.692213366033108,0.19619865113427343,0.7434782608695653,0.3939393939393939,-0.594810379241517,-10.99122012056678,-1.0192941472002313,-0.6353349470833056
1.768172716462808,10.103784340565536,0.3596834259919701,1.7265481299816063,9.613733905579398,0.15695892090741875,0.7543478260869565,0.402020202020202,-0.5688622754491018,-7.272182218111105,-1.713921902217662,-1.0223352120394213
1.5614177630549984,10.061116547221538,0.26080365635577735,1.4518700183936235,9.770692826486817,0.03923973022685469,0.7456521739130435,0.4,-0.5548902195608784,-2.782027146868124,-1.1681722912564605,-2.2839668007746647
1.6589473262193462,10.071098611728514,0.2739269654035749,1.5303494788473329,9.692213366033108,0.07847946045370938,0.7434782608695653,0.4121212121212121,-0.5688622754491018,-4.031733819647713,-1.5046745020550618,-1.0547396960240554
1.6456611835134438,10.009439858384058,0.32137028752740865,1.491109748620478,9.574494175352545,0.07847946045370938,0.7304347826086957,0.40404040404040403,-0.5788423153692616,-5.354265700320107,-1.586710799837286,0.312097790083049
1.5953265947102844,9.851951529377828,0.3192920583493148,1.4126302881667687,9.339055793991415,0.11771919068056406,0.741304347826087,0.4,-0.596806387225549,-4.640342847066334,-1.2498531797946906,0.7612323258090665
1.656275285806993,9.898527682970148,0.36856007788054235,1.491109748620478,9.496014714898834,0.07847946045370938,0.741304347826087,0.4161616161616162,-0.5748502994011977,-4.683476180259539,-0.8371865784529521,0.6399906553387171
1.693097500617895,9.886314086565294,0.3326615857513499,1.5303494788473329,9.574494175352545,0.07847946045370938,0.7521739130434782,0.41818181818181815,-0.5608782435129741,-3.687150084572167,-0.3091811845388688,-1.5600866740592214
1.570581650109414,9.815873227065572,0.3186838258801835,1.4518700183936235,9.45677498467198,0.11771919068056406,0.7391304347826088,0.397979797979798,-0.5788423153692616,-4.622639682698123,0.02114366053203265,-1.8092869111578096
1.7045778903084448,9.74121552212433,0.2590362473773397,1.5303494788473329,9.37829552421827,0.07847946045370938,0.741304347826087,0.41414141414141414,-0.5768463073852296,-6.966746836341115,0.6425857411355227,-1.998773596275372
1.973867532880635,9.893318180756811,0.31144294147372376,1.9227467811158798,9.417535254445125,0.07847946045370938,0.7434782608695653,0.4262626262626263,-0.5528942115768464,-7.01399657415714,0.35579958839164827,-3.367122391672878
1.9146039234276477,10.04130909860967,0.28823382901555383,1.8050275904353157,9.652973635806253,-0.03923973022685469,0.7456521739130435,0.4080808080808081,-0.5588822355289422,-4.713137459432607,-0.31951911843809755,-4.378724138713659
1.7211135249301583,10.179818172018896,0.26358763022250253,1.5695892090741874,9.731453096259962,0.03923973022685469,0.7347826086956522,0.42828282828282827,-0.56686626746507,-4.720793083309424,-0.5540409269966612,-3.3748453011060695
1.6351612762528513,10.168397714160843,0.3108066742414862,1.491109748620478,9.770692826486817,0.03923973022685469,0.7456521739130435,0.4303030303030303,-0.5708582834331338,-5.0835609185276915,-0.2713526404690565,-1.5613316911949513
1.6105413205827288,10.120606035507075,0.2859861723560787,1.4518700183936235,9.731453096259962,0.11771919068056406,0.7391304347826088,0.41818181818181815,-0.5928143712574852,-6.055652771799548,0.3175260149912306,0.4103664136495544
1.744886622219304,10.154229937631827,0.2997140571647763,1.5695892090741874,9.731453096259962,0.03923973022685469,0.7347826086956522,0.4262626262626263,-0.5808383233532934,-6.608821033959709,0.8898481323446904,1.3132364993129813
1.7433135768289811,10.019660357890402,0.3224490164556275,1.5695892090741874,9.613733905579398,0.07847946045370938,0.7434782608695653,0.4222222222222222,-0.5548902195608784,-5.648667347627636,1.6433505867898246,1.4100988407766566
1.7424710360071205,9.922376822167813,0.30941956291909867,1.5695892090741874,9.496014714898834,0.07847946045370938,0.7304347826086957,0.4161616161616162,-0.5928143712574852,-5.976181051041359,2.1246128848220507,1.945693369445775
1.9369224879185434,9.905293342162297,0.35938601372249507,1.765787860208461,9.45677498467198,0.03923973022685469,0.7391304347826088,0.43232323232323233,-0.5528942115768464,-6.405581428129504,2.2949069699716214,1.81310524393909
1.9856905076700548,9.89235665740447,0.3476961343013476,1.8050275904353157,9.53525444512569,0.11771919068056406,0.741304347826087,0.43434343434343436,-0.5568862275449102,-5.065520275089251,2.3821986238790087,0.6590202217622994
1.961421772217035,9.94089477447582,0.38408340643078387,1.8442673206621703,9.53525444512569,0.19619865113427343,0.7391304347826088,0.43434343434343436,-0.5608782435129741,-3.6557289496670946,2.1032084945037184,-0.8303628625945838
1.8893698170015776,9.992325244959062,0.32363622772804007,1.8050275904353157,9.496014714898834,0.11771919068056406,0.7304347826086957,0.4222222222222222,-0.5728542914171657,-2.702928680626568,2.0616614399932724,-2.2087121580606546
1.950574962298456,9.979619211845733,0.28797664053662253,1.883507050889025,9.613733905579398,0.03923973022685469,0.7326086956521739,0.4303030303030303,-0.5808383233532934,-3.1343089092900414,2.490224333352843,-2.7975542493101417
1.9255821986156487,9.955015850875617,0.3236252576033463,1.8050275904353157,9.613733905579398,0.03923973022685469,0.7260869565217392,0.43434343434343436,-0.6087824351297406,-2.688171346282732,2.0786686583661242,-2.284905358780519
1.9263040680658783,10.040109140257961,0.3365316019627564,1.765787860208461,9.574494175352545,0.11771919068056406,0.7282608695652174,0.44242424242424244,-0.5788423153692616,-2.9300969545622015,1.9404981013418656,-1.7805849620133136
1.9275258932390982,10.07834892427427,0.2525888686570613,1.8050275904353157,9.613733905579398,0.07847946045370938,0.7347826086956522,0.43636363636363634,-0.5588822355289422,-2.9534304426037514,2.676754795767728,-1.780351627132898
2.0371305678339193,10.05199090140501,0.24137314240323263,1.883507050889025,9.731453096259962,0.0,0.7304347826086957,0.4383838383838384,-0.6107784431137725,-2.439483715245754,2.9831616079473036,-1.344426455623208
1.9641110828658541,10.017851212507173,0.19210877958023626,1.8050275904353157,9.613733905579398,-0.03923973022685469,0.7260869565217392,0.45252525252525255,-0.5528942115768464,-1.9103487460118869,2.6956783053410986,-0.33070639847144007
2.085286595609041,10.025910230309467,0.2777384742832814,1.9619865113427344,9.692213366033108,0.07847946045370938,0.7391304347826088,0.4444444444444444,-0.5508982035928145,-3.7908858604663296,1.942964575516095,1.1633841437757662
2.1213718295128063,10.012266023908406,0.31410746287156144,2.040465971796444,9.574494175352545,0.11771919068056406,0.7282608695652174,0.44646464646464645,-0.5888223552894213,-3.5807885511466684,1.557179399198367,1.0700284178308583
2.0356652411378784,10.00132243604909,0.33723734665138766,1.883507050889025,9.692213366033108,0.11771919068056406,0.7304347826086957,0.4262626262626263,-0.5808383233532934,-2.2492946614284537,1.8510955752655032,0.3875119580211287
2.1090661692368617,9.96446656189977,0.27736183333546266,1.9227467811158798,9.613733905579398,0.07847946045370938,0.7369565217391304,0.43636363636363634,-0.5489021956087825,-2.3475614484490137,1.4154602114264931,0.2059851201879122
2.060539492228613,10.001783739338086,0.2892979311108476,1.9619865113427344,9.652973635806253,0.07847946045370938,0.7326086956521739,0.44646464646464645,-0.594810379241517,-1.6921990723960447,1.2152716541470152,-0.05912363665246541
2.073222278076359,10.00249126098132,0.24123906310142013,1.9619865113427344,9.613733905579398,0.03923973022685469,0.7260869565217392,0.45252525252525255,-0.5688622754491018,-0.9330741956086446,1.2258816462644913,-0.9032167865610239
2.000562648443629,10.016874122445092,0.20451171710647753,1.8442673206621703,9.613733905579398,-0.03923973022685469,0.7260869565217392,0.43636363636363634,-0.6047904191616768,-0.1387957687331611,1.0435760792679725,-1.108878202008486
2.084937534171497,9.917628623243473,0.20436301097174003,1.9619865113427344,9.574494175352545,0.0,0.7369565217391304,0.44242424242424244,-0.596806387225549,-1.0616280373926812,1.1796843986497816,0.10187103322563784
2.0973811360555388,9.882003840865341,0.14389023531137746,2.040465971796444,9.53525444512569,-0.15695892090741875,0.7260869565217392,0.45656565656565656,-0.5608782435129741,-1.3153853218827694,1.0433374346006452,0.9561196326865083
2.084094993349636,9.820345087520886,0.1913335574352112,1.9619865113427344,9.45677498467198,-0.15695892090741875,0.7282608695652174,0.4505050505050505,-0.5568862275449102,-1.511926595770851,0.7328320315402808,1.566450064436796
2.0219287946388245,9.711625527230504,0.20167289261628363,1.8442673206621703,9.299816063764561,0.0,0.7195652173913043,0.45454545454545453,-0.5828343313373254,-1.7240966385353385,0.42463112083173693,2.1465185329252776
2.0940992624463544,9.684337114428384,0.2744108697928437,1.9619865113427344,9.339055793991415,0.03923973022685469,0.7260869565217392,0.45454545454545453,-0.5628742514970061,-3.63447364264719,0.6700163883476332,2.728359945551947
2.1180038250049225,9.611180069677177,0.24982195942874863,1.9619865113427344,9.221336603310851,-0.03923973022685469,0.7369565217391304,0.45656565656565656,-0.5508982035928145,-3.679250925236051,0.9334807361050614,2.5919255891002697
2.1298311173534588,9.586314923643082,0.2617397736629774,2.040465971796444,9.221336603310851,0.03923973022685469,0.7260869565217392,0.45454545454545453,-0.5808383233532934,-3.8565055909513566,0.6378837190644868,2.0461696186471565
2.1426259394546032,9.647019936990068,0.2624747720174587,2.040465971796444,9.339055793991415,0.03923973022685469,0.7282608695652174,0.4626262626262626,-0.5508982035928145,-4.203476599231532,0.40516012090091896,1.3500195568668403
2.167373042835032,9.67114642796145,0.25091531518989246,2.040465971796444,9.299816063764561,0.0,0.7347826086956522,0.4505050505050505,-0.5548902195608784,-3.734934968379246,0.7917728634845809,0.2350679808624997
2.094823290676142,9.757478592469852,0.27514952485555627,1.9619865113427344,9.417535254445125,0.03923973022685469,0.7326086956521739,0.45656565656565656,-0.5848303393213574,-4.026740146553659,0.9543154178467905,0.05547652694082176
2.20587386295098,9.889355337024401,0.27757879802385016,2.0797057020232983,9.53525444512569,0.03923973022685469,0.7326086956521739,0.4686868686868687,-0.5728542914171657,-4.659116679696116,0.778916553502719,-0.07508183700532023
2.2298904617629463,9.876195783976947,0.3017837540236639,2.0797057020232983,9.417535254445125,0.07847946045370938,0.7369565217391304,0.4505050505050505,-0.5808383233532934,-5.145267992741567,1.2307176947811744,-0.024592947449010184
3.251661357096942,9.731465063824242,0.41898789071523584,3.0999386879215205,9.221336603310851,0.19619865113427343,0.7282608695652174,0.4666666666666667,-0.5688622754491018,-3.8912068710875363,1.4691866896044377,0.8145774679504191
2.094810337998793,9.829189460515112,0.3481556606357414,1.9619865113427344,9.417535254445125,0.19619865113427343,0.7326086956521739,0.46060606060606063,-0.5489021956087825,15.527073990886914,3.246849069836257,0.7268585376576708
1.950574962298456,9.979619211845733,0.28797664053662253,1.8442673206621703,9.574494175352545,0.0,0.7304347826086957,0.4404040404040404,-0.5808383233532934,21.981602716139097,1.5922129208434481,-1.4365460651842046
1.866322906721778,10.079103146046721,0.2760807665517813,1.6873083997547516,9.770692826486817,0.03923973022685469,0.7347826086956522,0.4222222222222222,-0.5868263473053893,14.885634351833044,0.10021468747270734,-1.9435331496019808
1.7440483989565598,10.033042779227486,0.2623492250348524,1.6088289393010422,9.613733905579398,0.0,0.7391304347826088,0.4383838383838384,-0.5568862275449102,8.963722033266041,-0.40137945720700685,-1.1542760036026225
1.671015961311145,10.070613958374908,0.2860909979920412,1.5695892090741874,9.770692826486817,0.07847946045370938,0.7282608695652174,0.4262626262626263,-0.594810379241517,4.284738965027194,-0.2112631344097279,-1.0922770474449486
1.6840521261555523,10.155699464402383,0.28707221470076,1.491109748620478,9.849172286940528,0.07847946045370938,0.7347826086956522,0.4303030303030303,-0.5888223552894213,0.37938274435249797,0.1622387379638963,-0.5969497209796468
1.781956656112143,10.130541399884834,0.22755871549972873,1.5695892090741874,9.770692826486817,0.0,0.741304347826087,0.4262626262626263,-0.5568862275449102,-1.288284393665431,0.7611103158050312,-0.6563186769758932
2.1108870337091217,10.087561200299055,0.21837002450875642,1.9227467811158798,9.731453096259962,-0.03923973022685469,0.7369565217391304,0.4222222222222222,-0.5469061876247505,3.55563595610636,1.260903587552762,-0.26369324169034114
1.963854628665684,10.077133399212821,0.27703638630288135,1.883507050889025,9.613733905579398,-0.03923973022685469,0.7326086956521739,0.4161616161616162,-0.5748502994011977,14.082136557649072,1.9740563991499114,-1.2815057762228788
1.6361503938010415,10.134449760133155,0.17794696539476362,1.5303494788473329,9.731453096259962,0.03923973022685469,0.7326086956521739,0.4202020202020202,-0.6047904191616768,16.432696041561044,2.6214860132336204,-1.715657758894698
1.4407249357983358,10.101818514780222,0.17566639836120723,1.3341508277130594,9.692213366033108,0.0,0.7326086956521739,0.4121212121212121,-0.6087824351297406,8.773572380194524,2.070625573339424,-1.1523745070719074
1.526196657768676,10.05252617593642,0.11578722833705093,1.2949110974862048,9.692213366033108,-0.11771919068056406,0.7391304347826088,0.3939393939393939,-0.62874251497006,-4.361961550495499,0.9841222210431086,0.2717564976342326
2.0613993032869393,10.00345278433366,0.20498587027379633,1.883507050889025,9.613733905579398,0.0,0.7326086956521739,0.41818181818181815,-0.5688622754491018,-7.548516937215013,0.753873025003656,1.1097057016915417
1.9025482410131982,9.970082883918014,0.20306366064690246,1.765787860208461,9.574494175352545,-0.03923973022685469,0.741304347826087,0.4121212121212121,-0.5828343313373254,-1.4088388807587355,0.5731650076159059,-0.2444667442722606
1.708340290624596,9.999595045263142,0.14117573890104604,1.5695892090741874,9.613733905579398,-0.07847946045370938,0.7282608695652174,0.4262626262626263,-0.5788423153692616,-1.4577637537201131,0.6043383479213833,-0.5633691305236355
1.8536595498900557,9.970829322335597,0.2146304308909312,1.6873083997547516,9.692213366033108,0.03923973022685469,0.7369565217391304,0.43232323232323233,-0.5548902195608784,-3.852524782955394,0.18669781267109953,-0.17440250882443847
1.8301342716828473,9.984942615380522,0.14224715441280233,1.7265481299816063,9.652973635806253,-0.07847946045370938,0.741304347826087,0.42828282828282827,-0.5828343313373254,-2.9012459289510257,0.4936929248056689,-0.5185160578207559
1.769907450036368,10.023459751170547,0.1058854792409848,1.6873083997547516,9.692213366033108,-0.11771919068056406,0.7434782608695653,0.4303030303030303,-0.5548902195608784,-2.2982577446069032,0.5564558516850402,-0.14431780278206788
1.7451603466559396,9.999333260199165,0.11744493606855104,1.5303494788473329,9.613733905579398,-0.11771919068056406,0.7434782608695653,0.42424242424242425,-0.5508982035928145,-2.613718446568308,0.7538467846588262,0.3455288194466717
1.7446690260511817,9.998379520201695,0.16562325654686608,1.5695892090741874,9.574494175352545,-0.07847946045370938,0.7369565217391304,0.42828282828282827,-0.594810379241517,-3.495307204316143,1.0943710265142064,0.8714549731838459
1.805143666779598,9.948387443069528,0.16572808218282858,1.7265481299816063,9.613733905579398,-0.03923973022685469,0.7282608695652174,0.42424242424242425,-0.6147704590818364,-3.9183598759561757,1.5344801221227078,1.1038223820295239
1.8411103880912902,9.910601178987347,0.18980627229729236,1.648068669527897,9.496014714898834,-0.07847946045370938,0.7369565217391304,0.42424242424242425,-0.5489021956087825,-3.1455418338506416,1.986786923714376,1.1873489544601794
1.8892685746459703,9.872568696550927,0.21400391488064363,1.765787860208461,9.652973635806253,0.03923973022685469,0.7326086956521739,0.42424242424242425,-0.5848303393213574,-3.6305377580478697,2.386838123475492,1.4051266703561442
1.9633892134156246,9.932757923124829,0.17920243522082618,1.8050275904353157,9.613733905579398,-0.07847946045370938,0.7282608695652174,0.4404040404040404,-0.5768463073852296,-3.3490154408280617,1.986781169758049,0.7939464281725392
1.9271854669197863,9.922260071844768,0.13054264815872985,1.765787860208461,9.613733905579398,-0.07847946045370938,0.7391304347826088,0.41818181818181815,-0.5688622754491018,-2.7601189530556978,1.7657088076668883,0.042810315005842155
1.9143884860390838,9.873506869838659,0.1419753391009461,1.8442673206621703,9.53525444512569,-0.03923973022685469,0.7304347826086957,0.42828282828282827,-0.596806387225549,-3.6428072374706155,1.7985507563686305,0.7664660951883945
1.9513184195442674,9.94519438781931,0.17920609192905745,1.883507050889025,9.613733905579398,-0.11771919068056406,0.7326086956521739,0.44646464646464645,-0.5568862275449102,-3.762667496043276,1.4671074858751756,1.3912388422608133
1.9128046467509698,9.798696346801618,0.22554874487528487,1.765787860208461,9.417535254445125,0.03923973022685469,0.7282608695652174,0.4303030303030303,-0.56686626746507,-3.553473997534593,1.553669832937091,0.7351545118384638
1.9620553519890063,9.834520647404771,0.21435130216261242,1.765787860208461,9.45677498467198,-0.03923973022685469,0.7260869565217392,0.43636363636363634,-0.5828343313373254,-3.650654062580868,1.9567555565600188,-0.17642121602818375
1.9502345359791444,9.823530359416234,0.16593042003829112,1.8050275904353157,9.496014714898834,-0.03923973022685469,0.7304347826086957,0.44646464646464645,-0.5528942115768464,-2.9741760943132967,2.0760650831256298,-1.7193076687146618
1.9020785082040221,9.849611030511776,0.1295650881582423,1.765787860208461,9.339055793991415,-0.11771919068056406,0.7369565217391304,0.4303030303030303,-0.56686626746507,-2.1087929044488494,2.3493611858463694,-2.94469153863612
1.8667108261913703,9.972252148976933,0.13043782252276737,1.765787860208461,9.613733905579398,-0.11771919068056406,0.7304347826086957,0.44242424242424244,-0.5928143712574852,-2.1099130644429738,2.5415164943397,-3.2488628465418823
1.9283986569747735,10.008307101224583,0.0952706720398249,1.765787860208461,9.731453096259962,-0.15695892090741875,0.7434782608695653,0.43636363636363634,-0.5728542914171657,-2.6583581277523494,2.7204878329421205,-3.015241513779511
1.9040200440479134,9.984895915251304,0.07069638850865483,1.765787860208461,9.574494175352545,-0.11771919068056406,0.7391304347826088,0.43232323232323233,-0.5708582834331338,-3.328623600836821,3.4962542081934016,-1.746181444599997
2.0381283205003426,9.970235702013815,0.059842676369719905,1.8050275904353157,9.652973635806253,-0.19619865113427343,0.7369565217391304,0.43636363636363634,-0.594810379241517,-4.0979636046590375,3.527465888320699,-0.43050325368724995
2.049229425839533,9.88418088927913,0.08318952483793363,1.9227467811158798,9.53525444512569,-0.15695892090741875,0.7347826086956522,0.4505050505050505,-0.5568862275449102,-4.9286711237729,3.4849444036766077,0.9618342397548394
2.0721513471885853,9.809116364532983,0.15495725543046865,1.9227467811158798,9.417535254445125,-0.11771919068056406,0.7304347826086957,0.44242424242424244,-0.5628742514970061,-5.563073289767437,3.3947331255532394,2.078444421110602
2.070808850643734,9.75868633417643,0.23877687955904497,1.9227467811158798,9.417535254445125,0.0,0.7326086956521739,0.46060606060606063,-0.5728542914171657,-5.713099516847353,2.752413422976745,1.5324161662711353
2.082998157107164,9.770391927163068,0.25106402132463,1.9619865113427344,9.37829552421827,0.03923973022685469,0.7195652173913043,0.4484848484848485,-0.6087824351297406,-4.89995649895545,2.649274184519682,0.06420869046483968
2.0959201269186143,9.807431752827668,0.21541906096613747,1.883507050889025,9.37829552421827,-0.03923973022685469,0.741304347826087,0.44646464646464645,-0.5788423153692616,-4.282318919099933,2.871542878165539,-1.3259981035846662
2.085428854776255,9.918582363240944,0.15618469049342498,1.9227467811158798,9.53525444512569,-0.19619865113427343,0.7217391304347827,0.4585858585858586,-0.5908183632734532,-3.7858663640429784,2.7211331839169546,-2.182673655751205
2.097749626509107,9.882719145863444,0.10775649495264117,1.9619865113427344,9.496014714898834,-0.03923973022685469,0.7304347826086957,0.45252525252525255,-0.56686626746507,-4.046981913095886,2.9439432151608567,-2.423408507865239
2.170172230957691,9.82005216903743,0.1199022439999512,2.0797057020232983,9.45677498467198,-0.07847946045370938,0.7304347826086957,0.4404040404040404,-0.5628742514970061,-5.32465039620273,2.9416556888958483,-1.2547382869124974
2.169323213797156,9.758624067337472,0.14337585835351493,2.040465971796444,9.417535254445125,-0.07847946045370938,0.7326086956521739,0.45454545454545453,-0.5728542914171657,-6.030016538557117,2.365497691680197,-0.6089013555269764
2.169933046993987,9.783719865016064,0.10748833634901617,2.118945432250153,9.45677498467198,-0.07847946045370938,0.7282608695652174,0.44646464646464645,-0.6087824351297406,-5.756580752746158,2.3418162625628223,-0.8701908464649339
2.072041469714745,9.737167061488353,0.0939956997698623,1.9227467811158798,9.37829552421827,-0.11771919068056406,0.7282608695652174,0.45454545454545453,-0.5868263473053893,-6.189749760538806,2.043954838103454,-0.9114865328128631
2.1822516599472808,9.75980845897944,0.07122783010492986,2.0797057020232983,9.37829552421827,-0.19619865113427343,0.7217391304347827,0.47878787878787876,-0.5828343313373254,-7.358790438115325,2.434862484367015,-0.01766684847055779
2.242717665557464,9.757623627210782,0.12000341292768245,2.158185162477008,9.417535254445125,-0.11771919068056406,0.7239130434782609,0.4767676767676768,-0.5568862275449102,-7.900790066835818,2.6816972244160198,-0.7422848749970412
2.2540557960808014,9.71985292983834,0.16793185834352875,2.118945432250153,9.339055793991415,-0.07847946045370938,0.7304347826086957,0.45656565656565656,-0.5888223552894213,-8.03064637947174,2.6737425034056272,-1.4406060837338
2.2663636151363042,9.755700580506101,0.19250979858293005,2.158185162477008,9.299816063764561,-0.03923973022685469,0.7152173913043478,0.4808080808080808,-0.5928143712574852,-7.730562868349495,2.8992536446459667,-2.3561544473621328
2.304399020002193,9.829534013481062,0.12133933033483253,2.1974248927038627,9.45677498467198,0.0,0.7304347826086957,0.47878787878787876,-0.5588822355289422,-7.443816919992821,2.945566413550119,-2.8913412984806803
2.353300663802685,9.75707670701822,0.03676642431061869,2.1974248927038627,9.37829552421827,-0.19619865113427343,0.7217391304347827,0.4727272727272727,-0.5768463073852296,-8.957533485421557,2.93784819329277,-2.298257364765556
2.451071569710295,9.791439264205685,0.05013595171265378,2.3151440833844266,9.45677498467198,-0.23543838136112813,0.7152173913043478,0.48484848484848486,-0.5768463073852296,-8.774715500859875,2.695977950212308,-2.193621666284177
2.488128650925785,9.839461594503948,0.05098674582779134,2.3543838136112814,9.45677498467198,-0.15695892090741875,0.7195652173913043,0.4808080808080808,-0.564870259481038,-7.061003237949752,2.8121499599860056,-2.849542058875256
2.4394813025459055,9.86458852560202,0.06279973442605757,2.3543838136112814,9.496014714898834,-0.15695892090741875,0.7195652173913043,0.4727272727272727,-0.5828343313373254,-7.707853151120392,2.5873056464764153,-2.8430735597435493
2.5498056878113973,9.935275603455983,0.07665804182833645,2.4328632740649905,9.53525444512569,-0.11771919068056406,0.7108695652173913,0.46464646464646464,-0.5808383233532934,-7.823711839582767,1.8968053852215916,-2.9940062276117776
2.575520320944434,10.044972253808444,0.053915769121022764,2.4328632740649905,9.613733905579398,-0.11771919068056406,0.717391304347826,0.48484848484848486,-0.56686626746507,-5.9273990030355375,2.06875552032881,-3.8646803825932188
2.490789897440347,10.0717915799667,0.017192079834311452,2.3151440833844266,9.692213366033108,-0.19619865113427343,0.7108695652173913,0.4888888888888889,-0.6147704590818364,-4.766756211403375,1.9774574551433246,-4.362978825718666
2.578078166323831,10.169497502203935,-0.07734352042315604,2.393623543838136,9.770692826486817,-0.3139178418148375,0.7043478260869566,0.498989898989899,-0.5908183632734532,-4.472924209848169,1.743853248539103,-3.9096433814756635
2.542359264094076,10.195808824943974,-0.13767856007347481,2.3543838136112814,9.888412017167381,-0.4316370324954016,0.7108695652173913,0.498989898989899,-0.56686626746507,-3.850687369973777,1.6796445321102982,-3.018527346832582
2.603443738019323,10.170912545490403,-0.17346125644201107,2.5113427345187,9.770692826486817,-0.39239730226854685,0.7152173913043478,0.48282828282828283,-0.6107784431137725,-3.0723400473472506,1.4682046405836293,-1.7183260291843225
2.5662616678730856,10.134603591533645,-0.15009978114087238,2.4328632740649905,9.809932556713672,-0.39239730226854685,0.7195652173913043,0.503030303030303,-0.56686626746507,-2.799880192102445,1.0567447552416454,-0.15451070378239762
2.5155585886163574,9.976399957529313,-0.11604426996022997,2.393623543838136,9.692213366033108,-0.3139178418148375,0.7152173913043478,0.498989898989899,-0.5688622754491018,-2.754901027070213,1.025196171026559,1.3051155501946565
2.514220409630623,9.902066304491006,-0.05656002442504869,2.393623543838136,9.692213366033108,-0.3139178418148375,0.7065217391304348,0.503030303030303,-0.6027944111776448,-3.3203309400188763,1.040432113934489,1.5389067314534206
2.562988429382134,9.889129619733179,-0.0682499038461962,2.4721030042918453,9.496014714898834,-0.3531575720416922,0.7,0.5050505050505051,-0.5848303393213574,-3.0781135487895086,1.1773656328274118,1.065001667807287
2.489606930299175,9.81841919181461,-0.11788359420054885,2.393623543838136,9.417535254445125,-0.39239730226854685,0.7152173913043478,0.509090909090909,-0.5808383233532934,-1.3485796537225663,1.4778217871516088,0.2720409296170736
2.5132615149962474,9.768688899746422,-0.09404796573209132,2.393623543838136,9.417535254445125,-0.3139178418148375,0.717391304347826,0.498989898989899,-0.6107784431137725,-2.176086579550515,1.3763657564228036,0.5084528810046307
2.6110281033447413,9.82695507961564,-0.056343059736661205,2.4721030042918453,9.496014714898834,-0.3139178418148375,0.7043478260869566,0.5151515151515151,-0.5928143712574852,-2.708295822180957,1.6441621043947263,0.7419118555602127
2.5262998386202127,9.841822594433017,-0.10523443832007003,2.393623543838136,9.574494175352545,-0.3531575720416922,0.7043478260869566,0.498989898989899,-0.5748502994011977,-1.0269808286033817,1.8790954257120673,-0.2026579483679586
2.5022810810286877,9.866933958821349,-0.11727170502318632,2.393623543838136,9.496014714898834,-0.39239730226854685,0.7086956521739131,0.494949494949495,-0.6007984031936129,-1.7812247433263997,2.113284442048869,0.8847323995245188
2.561902387037453,9.77941740267098,-0.06935788644026501,2.393623543838136,9.417535254445125,-0.27467811158798283,0.7,0.5070707070707071,-0.56686626746507,-3.2467799314938888,1.9512060438170813,3.3784754038776765
2.645296790335363,9.666312612133542,0.014682359084930027,2.4721030042918453,9.299816063764561,-0.23543838136112813,0.7086956521739131,0.509090909090909,-0.6107784431137725,-4.731947077591173,2.2143661763731206,5.020703501194164
2.741130477958199,9.541486661899725,0.06258520754315756,2.6683016554261187,9.221336603310851,-0.15695892090741875,0.7043478260869566,0.503030303030303,-0.6167664670658684,-5.007204018809713,1.9646591003265277,5.3732659565379075
2.728085677995559,9.504208401235758,0.11027474802122883,2.6683016554261187,9.142857142857142,-0.19619865113427343,0.6978260869565217,0.5151515151515151,-0.564870259481038,-4.214784228466055,1.9322743105116569,3.2969006939956875
2.7911008938669055,9.674356063226098,0.0764617984865927,2.5898221949724096,9.37829552421827,-0.19619865113427343,0.7152173913043478,0.5111111111111111,-0.5708582834331338,-3.704962924893836,1.4939012419655968,0.9952245341919042
2.70782284438151,9.823554722785534,0.016880040731911433,2.629061925199264,9.37829552421827,-0.23543838136112813,0.7086956521739131,0.509090909090909,-0.5868263473053893,-2.2782975412405233,0.9277038770474686,-1.5893843249678228
2.6367362601391036,9.97250716399073,-0.042582264553882324,2.5113427345187,9.692213366033108,-0.3139178418148375,0.7021739130434783,0.5212121212121212,-0.5788423153692616,-0.6677654036937506,0.81647732718285,-3.126402193871808
2.7003613092072816,10.167750623659664,-0.11228273609301725,2.5898221949724096,9.809932556713672,-0.3531575720416922,0.7130434782608696,0.498989898989899,-0.5708582834331338,0.6650699712602883,0.636190422673339,-3.200567049522489
2.628794198257908,10.255990268163005,-0.18440516738398352,2.4721030042918453,9.966891477621092,-0.39239730226854685,0.7086956521739131,0.503030303030303,-0.6087824351297406,3.3931139483034456,0.8745842769223549,-2.31529996077581
2.5439409446026313,10.282571159321893,-0.2090842765511161,2.4328632740649905,9.966891477621092,-0.47087676272225626,0.7065217391304348,0.5171717171717172,-0.56686626746507,3.792941070734369,1.0282333273460824,-0.859222186372743
2.689137373716902,10.253567001394979,-0.12358500444165219,2.5898221949724096,9.849172286940528,-0.4316370324954016,0.7130434782608696,0.5111111111111111,-0.5788423153692616,0.04153661317757695,0.8092713355999135,1.80947056542716
2.6146482444936794,10.192662469822974,-0.05264978442309848,2.5113427345187,9.849172286940528,-0.3139178418148375,0.7021739130434783,0.5151515151515151,-0.596806387225549,0.9614964908838922,0.8853918251261643,3.1690922594257622
2.697684951235812,10.019083317583052,0.00668575497734529,2.5113427345187,9.692213366033108,-0.27467811158798283,0.7065217391304348,0.5070707070707071,-0.56686626746507,2.567736465899195,1.1485852381329407,3.8982770079645825
